Keyword,Currency,Avg. monthly searches,三个月变化,年同比变化,Competition,Competition (indexed value),Top of page bid (low range),Top of page bid (high range),Ad impression share,Organic impression share,Organic average position,In account?,In plan?,Searches: Sep 2025,Searches: Oct 2025,Searches: Nov 2025,Searches: Dec 2025,Searches: Jan 2026,Searches: Feb 2026,Searches: Mar 2026,Searches: Apr 2026,Searches: May 2026,Searches: Jun 2026,Searches: Jul 2026,Searches: Aug 2026,Intent_Category
jackery's,CNY,500000.0,0%,900%,高,100.0,2.35,23.54,,,,,,,,,,,,,,,,,,Brand_Specific
jackery power stations,CNY,50000.0,0%,900%,高,100.0,2.34,8.22,,,,,,,,,,,,,,,,,,Brand_Specific
portable solar generator,CNY,50000.0,0%,0%,高,100.0,2.72,10.12,,,,,Y,,,,,,,,,,,,,General_Search
generator power solar,CNY,50000.0,0%,0%,高,100.0,2.62,12.39,,,,,,,,,,,,,,,,,,General_Search
powerness solar generator,CNY,50000.0,0%,0%,高,100.0,2.62,12.39,,,,,,,,,,,,,,,,,,General_Search
portable solar electric generator,CNY,50000.0,0%,0%,高,100.0,2.72,10.12,,,,,,,,,,,,,,,,,,General_Search
solar and generator,CNY,50000.0,0%,0%,高,100.0,2.62,12.39,,,,,,,,,,,,,,,,,,General_Search
generator solar portable,CNY,50000.0,0%,0%,高,100.0,2.72,10.12,,,,,,,,,,,,,,,,,,General_Search
power solar generator,CNY,50000.0,0%,0%,高,100.0,2.62,12.39,,,,,,,,,,,,,,,,,,General_Search
solar electric generator portable,CNY,50000.0,0%,0%,高,100.0,2.72,10.12,,,,,,,,,,,,,,,,,,General_Search
ecoflow portable power station,CNY,50000.0,0%,-90%,高,100.0,2.27,12.38,,,,,,,,,,,,,,,,,,Brand_Specific
portable solar power generator,CNY,50000.0,0%,0%,高,100.0,2.72,10.12,,,,,,,,,,,,,,,,,,General_Search
solar panel generator,CNY,50000.0,0%,0%,高,100.0,2.62,12.39,,,,,,,,,,,,,,,,,,General_Search
solar generator for home,CNY,50000.0,0%,0%,高,100.0,2.88,23.36,,,,,,,,,,,,,,,,,,Scenario_PainPoint
jackery 1000,CNY,50000.0,0%,-90%,高,100.0,2.35,6.54,,,,,,,,,,,,,,,,,,Brand_Specific
jackery solar generator,CNY,50000.0,0%,0%,高,100.0,1.81,6.36,,,,,,,,,,,,,,,,,,Brand_Specific
solar generator,CNY,50000.0,0%,0%,高,100.0,2.62,12.39,,,,,,,,,,,,,,,,,,General_Search
best powerstation,CNY,5000.0,0%,0%,高,100.0,3.11,9.93,,,,,,,,,,,,,,,,,,General_Search
portable power station for rv,CNY,5000.0,0%,-90%,高,100.0,3.02,10.7,,,,,,,,,,,,,,,,,,Scenario_PainPoint
yeti 400 solar generator,CNY,5000.0,0%,0%,高,100.0,0.7,5.05,,,,,,,,,,,,,,,,,,General_Search
portable solar station,CNY,5000.0,0%,0%,高,100.0,2.91,9.77,,,,,,,,,,,,,,,,,,General_Search
solar generators for home backup,CNY,5000.0,0%,0%,高,100.0,3.28,19.17,,,,,,,,,,,,,,,,,,Scenario_PainPoint
anker generators,CNY,5000.0,0%,0%,高,100.0,2.54,13.03,,,,,,,,,,,,,,,,,,Brand_Specific
pecron power station,CNY,5000.0,0%,0%,高,100.0,2.36,4.97,,,,,,,,,,,,,,,,,,Brand_Specific
solar panel and generator,CNY,5000.0,0%,0%,高,100.0,3.07,18.55,,,,,,,,,,,,,,,,,,General_Search
harbor freight solar generators,CNY,5000.0,0%,0%,高,100.0,2.19,10.46,,,,,,,,,,,,,,,,,,General_Search
backup solar generator,CNY,5000.0,0%,0%,高,100.0,3.78,24.38,,,,,,,,,,,,,,,,,,General_Search
portable inverters,CNY,5000.0,900%,0%,高,100.0,2.29,5.36,,,,,,,,,,,,,,,,,,General_Search
power bank generator,CNY,5000.0,0%,0%,高,100.0,2.76,8.92,,,,,,,,,,,,,,,,,,General_Search
4 patriot power generator,CNY,5000.0,0%,0%,高,100.0,1.72,15.45,,,,,,,,,,,,,,,,,,General_Search
marbero portable power station,CNY,5000.0,0%,0%,高,100.0,1.41,4.57,,,,,,,,,,,,,,,,,,General_Search
generators portable,CNY,5000.0,0%,0%,高,100.0,1.65,6.31,,,,,,,,,,,,,,,,,,General_Search
oupes power station,CNY,5000.0,0%,0%,高,100.0,1.75,9.81,,,,,,,,,,,,,,,,,,General_Search
best solar power generator for home,CNY,5000.0,0%,0%,高,100.0,3.3,26.4,,,,,,,,,,,,,,,,,,Scenario_PainPoint
jackery explorer 300 portable power station,CNY,5000.0,0%,0%,高,80.0,3.03,8.07,,,,,,,,,,,,,,,,,,Brand_Specific
solar generator anker,CNY,5000.0,0%,0%,高,100.0,3.15,16.73,,,,,,,,,,,,,,,,,,Brand_Specific
solar power generator amazon,CNY,5000.0,0%,0%,高,100.0,1.13,8.85,,,,,,,,,,,,,,,,,,General_Search
jackery explorer 300 solar generator,CNY,5000.0,900%,900%,低,4.0,2.88,5.26,,,,,,,,,,,,,,,,,,Brand_Specific
portable solar power generator for camping,CNY,5000.0,0%,-90%,高,99.0,2.93,8.97,,,,,,,,,,,,,,,,,,Scenario_PainPoint
generator inverters for sale,CNY,5000.0,0%,0%,高,100.0,2.04,7.5,,,,,,,,,,,,,,,,,,General_Search
westinghouse igen160s portable power station,CNY,5000.0,900%,99900%,中,54.0,3.18,10.06,,,,,,,,,,,,,,,,,,General_Search
goal 0 yeti 400,CNY,5000.0,0%,0%,高,100.0,0.7,5.05,,,,,,,,,,,,,,,,,,General_Search
battery generator home,CNY,5000.0,0%,0%,高,100.0,3.41,20.39,,,,,,,,,,,,,,,,,,Scenario_PainPoint
zero yeti 400,CNY,5000.0,0%,0%,高,100.0,0.7,5.05,,,,,,,,,,,,,,,,,,General_Search
goal zero yeti 400 generator,CNY,5000.0,0%,0%,高,100.0,0.7,5.05,,,,,,,,,,,,,,,,,,Brand_Specific
goalzero 400,CNY,5000.0,0%,0%,高,100.0,0.7,5.05,,,,,,,,,,,,,,,,,,General_Search
solar powered generator home depot,CNY,5000.0,0%,0%,高,100.0,0.92,10.72,,,,,,,,,,,,,,,,,,Scenario_PainPoint
best solargenerator,CNY,5000.0,900%,900%,高,100.0,3.07,18.82,,,,,,,,,,,,,,,,,,General_Search
yeti 400 generator,CNY,5000.0,0%,0%,高,100.0,0.7,5.05,,,,,,,,,,,,,,,,,,General_Search
powerstation with solar panel,CNY,5000.0,0%,900%,高,100.0,3.21,11.74,,,,,,,,,,,,,,,,,,General_Search
solar powered power stations,CNY,5000.0,0%,0%,高,100.0,2.83,11.74,,,,,,,,,,,,,,,,,,General_Search
top rated solar generator,CNY,5000.0,900%,900%,高,100.0,3.07,18.82,,,,,,,,,,,,,,,,,,General_Search
goal yeti 400,CNY,5000.0,0%,0%,高,100.0,0.7,5.05,,,,,,,,,,,,,,,,,,General_Search
solar power back up generator,CNY,5000.0,0%,0%,高,100.0,3.78,24.38,,,,,,,,,,,,,,,,,,General_Search
portable power solar station,CNY,5000.0,0%,0%,高,100.0,2.91,9.77,,,,,,,,,,,,,,,,,,General_Search
best solar electric generator,CNY,5000.0,900%,900%,高,100.0,3.07,18.82,,,,,,,,,,,,,,,,,,General_Search
solar small generator,CNY,5000.0,0%,0%,高,100.0,1.96,5.48,,,,,,,,,,,,,,,,,,General_Search
portable solar generator for camping,CNY,5000.0,0%,-90%,高,99.0,2.93,8.97,,,,,,,,,,,,,,,,,,Scenario_PainPoint
generator solar camping,CNY,5000.0,0%,0%,高,100.0,2.85,7.91,,,,,,,,,,,,,,,,,,Scenario_PainPoint
ecoflow delta pro solar generator,CNY,5000.0,0%,0%,中,50.0,2.1,10.13,,,,,,,,,,,,,,,,,,Brand_Specific
best solar generator for home,CNY,5000.0,0%,0%,高,100.0,3.3,26.4,,,,,,,,,,,,,,,,,,Scenario_PainPoint
best solar powered generator,CNY,5000.0,900%,900%,高,100.0,3.07,18.82,,,,,,,,,,,,,,,,,,General_Search
solar generator for camping,CNY,5000.0,0%,0%,高,100.0,2.87,9.06,,,,,,,,,,,,,,,,,,Scenario_PainPoint
solar powerstation,CNY,5000.0,0%,0%,高,100.0,2.83,11.74,,,,,,,,,,,,,,,,,,General_Search
solar generator for rv,CNY,5000.0,0%,0%,高,100.0,2.87,9.06,,,,,,,,,,,,,,,,,,Scenario_PainPoint
jackery generator,CNY,5000.0,900%,900%,高,100.0,2.29,10.82,,,,,,,,,,,,,,,,,,Brand_Specific
eco flow generator,CNY,5000.0,0%,900%,高,100.0,2.36,14.53,,,,,,,,,,,,,,,,,,General_Search
ecoflow delta pro portable power station,CNY,5000.0,0%,0%,高,100.0,2.27,17.41,,,,,,,,,,,,,,,,,,Brand_Specific
ecoflow solar generator,CNY,5000.0,0%,0%,高,100.0,2.25,11.42,,,,,,,,,,,,,,,,,,Brand_Specific
jackery 2000,CNY,5000.0,0%,0%,高,100.0,4.83,10.66,,,,,,,,,,,,,,,,,,Brand_Specific
anker solar generator,CNY,5000.0,0%,0%,高,100.0,3.15,16.73,,,,,,,,,,,,,,,,,,Brand_Specific
best solar generator for home backup,CNY,5000.0,0%,0%,高,100.0,3.32,29.45,,,,,,,,,,,,,,,,,,Scenario_PainPoint
solar generators for sale,CNY,5000.0,0%,0%,高,100.0,2.94,18.55,,,,,,,,,,,,,,,,,,General_Search
jackery 1500,CNY,5000.0,0%,0%,高,100.0,3.2,8.45,,,,,,,,,,,,,,,,,,Brand_Specific
ecoflow generator,CNY,5000.0,0%,0%,高,100.0,2.27,10.38,,,,,,,,,,,,,,,,,,Brand_Specific
bluetti solar generator,CNY,5000.0,0%,0%,高,100.0,3.15,11.59,,,,,,,,,,,,,,,,,,Brand_Specific
best solar generator,CNY,5000.0,900%,900%,高,100.0,3.07,18.82,,,,,,,,,,,,,,,,,,General_Search
jackery portable power station,CNY,5000.0,0%,0%,高,100.0,2.62,16.27,,,,,,,,,,,,,,,,,,Brand_Specific
jackery solar power generator,CNY,5000.0,900%,0%,高,68.0,2.57,13.95,,,,,,,,,,,,,,,,,,Brand_Specific
jackery solar,CNY,5000.0,0%,0%,高,100.0,2.68,17.66,,,,,,,,,,,,,,,,,,Brand_Specific
patriot power generator,CNY,5000.0,0%,0%,高,100.0,1.72,15.45,,,,,,,,,,,,,,,,,,General_Search
ecoflow delta 2 portable power station,CNY,5000.0,0%,0%,中,60.0,1.59,6.23,,,,,,,,,,,,,,,,,,Brand_Specific
firman dual fuel generator,CNY,5000.0,0%,0%,高,100.0,1.64,6.57,,,,,,,,,,,,,,,,,,General_Search
jackery explorer 1500,CNY,5000.0,900%,900%,高,100.0,2.68,7.04,,,,,,,,,,,,,,,,,,Brand_Specific
power station with solar panel,CNY,5000.0,0%,900%,高,100.0,3.21,11.74,,,,,,,,,,,,,,,,,,General_Search
largest portable generator,CNY,5000.0,0%,0%,高,100.0,1.57,10.22,,,,,,,,,,,,,,,,,,General_Search
small solar generator,CNY,5000.0,0%,0%,高,100.0,1.96,5.48,,,,,,,,,,,,,,,,,,General_Search
jackery explorer 1000 portable power station,CNY,5000.0,900%,0%,高,86.0,2.9,7.44,,,,,,,,,,,,,,,,,,Brand_Specific
goal zero yeti 400,CNY,5000.0,0%,0%,高,100.0,0.7,5.05,,,,,,,,,,,,,,,,,,Brand_Specific
portable battery generator,CNY,5000.0,0%,0%,高,100.0,2.86,9.71,,,,,,,,,,,,,,,,,,General_Search
solar powered generators for sale,CNY,5000.0,0%,0%,高,100.0,2.94,18.55,,,,,,,,,,,,,,,,,,General_Search
5000 watt solar generator,CNY,5000.0,0%,0%,高,100.0,1.74,13.54,,,,,,,,,,,,,,,,,,Spec_Wattage
portable power station with solar panel,CNY,5000.0,0%,0%,高,100.0,3.29,12.4,,,,,,,,,,,,,,,,,,General_Search
jackery 3000,CNY,5000.0,0%,-90%,高,100.0,5.72,15.16,,,,,,,,,,,,,,,,,,Brand_Specific
bluetti portable power station,CNY,5000.0,0%,0%,高,100.0,3.08,10.23,,,,,,,,,,,,,,,,,,Brand_Specific
firman tri fuel generator,CNY,5000.0,0%,0%,高,100.0,1.5,8.75,,,,,,,,,,,,,,,,,,General_Search
battery generator for home,CNY,5000.0,0%,0%,高,100.0,3.41,20.39,,,,,,,,,,,,,,,,,,Scenario_PainPoint
pulsar generator,CNY,5000.0,0%,0%,高,100.0,1.68,6.48,,,,,,,,,,,,,,,,,,General_Search
solar generator amazon,CNY,5000.0,0%,0%,高,100.0,1.13,8.85,,,,,,,,,,,,,,,,,,General_Search
portable power station 1000w,CNY,5000.0,0%,0%,高,100.0,2.52,6.69,,,,,,,,,,,,,,,,,,Spec_Wattage
best solar generator for home backup power,CNY,500.0,0%,900%,高,100.0,4.14,35.45,,,,,,,,,,,,,,,,,,Scenario_PainPoint
quiet solar generator,CNY,500.0,900%,900%,高,100.0,2.43,8.45,,,,,,,,,,,,,,,,,,General_Search
solar panels for solar generators,CNY,500.0,0%,0%,高,100.0,1.51,11.52,,,,,,,,,,,,,,,,,,General_Search
solar powered jackery,CNY,500.0,0%,0%,高,100.0,2.39,7.35,,,,,,,,,,,,,,,,,,Brand_Specific
solar portable power,CNY,500.0,-90%,0%,高,99.0,2.75,11.03,,,,,,,,,,,,,,,,,,General_Search
220v solar power generator,CNY,500.0,0%,0%,高,100.0,2.14,10.79,,,,,,,,,,,,,,,,,,General_Search
1000 wh solar generator,CNY,500.0,0%,0%,高,100.0,2.35,9.09,,,,,,,,,,,,,,,,,,Spec_Wattage
anker electric generator,CNY,500.0,0%,0%,高,100.0,2.78,12.14,,,,,,,,,,,,,,,,,,Brand_Specific
portable solar power systems,CNY,500.0,0%,0%,高,99.0,2.86,11.74,,,,,,,,,,,,,,,,,,General_Search
solar panel generator for camping,CNY,500.0,900%,0%,高,100.0,2.64,6.69,,,,,,,,,,,,,,,,,,Scenario_PainPoint
jackery explorer portable power station,CNY,500.0,0%,-90%,高,71.0,2.41,18.52,,,,,,,,,,,,,,,,,,Brand_Specific
bluetti portable generator,CNY,500.0,0%,0%,高,100.0,3.15,8.15,,,,,,,,,,,,,,,,,,Brand_Specific
solar panel for portable power station,CNY,500.0,0%,0%,高,100.0,1.68,7.01,,,,,,,,,,,,,,,,,,General_Search
best portable power station for rv,CNY,500.0,0%,900%,高,100.0,3.02,11.47,,,,,,,,,,,,,,,,,,Scenario_PainPoint
solar power stations for home,CNY,500.0,0%,0%,高,100.0,3.45,28.42,,,,,,,,,,,,,,,,,,Scenario_PainPoint
ecoflow delta 2 solar generator,CNY,500.0,0%,0%,高,91.0,1.31,4.12,,,,,,,,,,,,,,,,,,Brand_Specific
3600w solar generator,CNY,500.0,0%,0%,高,100.0,2.29,11.56,,,,,,,,,,,,,,,,,,Spec_Wattage
best jackery for camping,CNY,500.0,0%,900%,高,100.0,3.6,14.02,,,,,,,,,,,,,,,,,,Scenario_PainPoint
jackery explorer solar generator,CNY,500.0,0%,-90%,高,100.0,2.09,7.59,,,,,,,,,,,,,,,,,,Brand_Specific
jackery generator 1000,CNY,500.0,-90%,0%,高,100.0,3.15,7.61,,,,,,,,,,,,,,,,,,Brand_Specific
yeti goal zero 1250,CNY,500.0,0%,0%,高,100.0,0.68,5.77,,,,,,,,,,,,,,,,,,Brand_Specific
solar power battery generator,CNY,500.0,0%,0%,高,100.0,3.31,14.69,,,,,,,,,,,,,,,,,,General_Search
honda solar powered generator,CNY,500.0,900%,0%,高,100.0,1.81,6.09,,,,,,,,,,,,,,,,,,General_Search
small portable solar generator,CNY,500.0,0%,0%,高,100.0,1.9,5.22,,,,,,,,,,,,,,,,,,General_Search
zerokor portable power station,CNY,500.0,0%,0%,高,100.0,1.75,9.0,,,,,,,,,,,,,,,,,,General_Search
jackery solar generator explorer 300,CNY,500.0,0%,0%,高,100.0,2.68,5.9,,,,,,,,,,,,,,,,,,Brand_Specific
geneverse home power one,CNY,500.0,0%,0%,高,100.0,2.91,53.79,,,,,,,,,,,,,,,,,,Scenario_PainPoint
solar charged generator,CNY,500.0,0%,0%,高,100.0,2.56,9.27,,,,,,,,,,,,,,,,,,General_Search
jackery 1000 generator,CNY,500.0,0%,0%,高,100.0,3.11,5.84,,,,,,,,,,,,,,,,,,Brand_Specific
2000wh battery,CNY,500.0,0%,0%,高,100.0,1.93,9.96,,,,,,,,,,,,,,,,,,Spec_Wattage
solar goal zero generator,CNY,500.0,0%,0%,高,99.0,0.74,9.65,,,,,,,,,,,,,,,,,,Brand_Specific
bluetti solar powerstation,CNY,500.0,0%,0%,高,100.0,3.35,12.01,,,,,,,,,,,,,,,,,,Brand_Specific
jackery 500 portable power station,CNY,500.0,0%,0%,高,97.0,,,,,,,,,,,,,,,,,,,,Brand_Specific
bluetti eb3a solar generator,CNY,500.0,0%,0%,低,31.0,,,,,,,,,,,,,,,,,,,,Brand_Specific
lithium ion battery generator,CNY,500.0,0%,0%,高,100.0,2.5,10.06,,,,,,,,,,,,,,,,,,General_Search
portable solar ac,CNY,500.0,0%,0%,高,100.0,1.29,4.07,,,,,,,,,,,,,,,,,,General_Search
best rv generator inverter,CNY,500.0,0%,0%,高,100.0,2.82,6.98,,,,,,,,,,,,,,,,,,Scenario_PainPoint
jackery 1000 portable power station,CNY,500.0,0%,0%,高,94.0,3.48,11.44,,,,,,,,,,,,,,,,,,Brand_Specific
heavy duty solar generator,CNY,500.0,0%,900%,中,53.0,2.89,16.6,,,,,,,,,,,,,,,,,,General_Search
portable power station 3000 watts,CNY,500.0,900%,9900%,高,100.0,3.02,9.46,,,,,,,,,,,,,,,,,,Spec_Wattage
jackery ups,CNY,500.0,0%,900%,高,100.0,3.67,9.06,,,,,,,,,,,,,,,,,,Brand_Specific
portable power station generator,CNY,500.0,0%,0%,高,100.0,2.28,19.73,,,,,,,,,,,,,,,,,,General_Search
mini solar power generator,CNY,500.0,0%,0%,高,100.0,1.69,5.46,,,,,,,,,,,,,,,,,,General_Search
flashfish portable power station,CNY,500.0,900%,900%,高,97.0,0.87,3.52,,,,,,,,,,,,,,,,,,General_Search
best buy solar generator,CNY,500.0,0%,0%,高,100.0,2.31,14.72,,,,,,,,,,,,,,,,,,General_Search
solar powered portable power station,CNY,500.0,0%,0%,高,100.0,3.08,9.62,,,,,,,,,,,,,,,,,,General_Search
portable solar power generator for home,CNY,500.0,900%,900%,高,100.0,2.87,12.24,,,,,,,,,,,,,,,,,,Scenario_PainPoint
powered portable solar,CNY,500.0,-90%,0%,高,99.0,2.75,11.03,,,,,,,,,,,,,,,,,,General_Search
1000wh power station,CNY,500.0,0%,0%,高,100.0,2.83,9.07,,,,,,,,,,,,,,,,,,Spec_Wattage
oupes generator,CNY,500.0,0%,0%,高,100.0,1.63,11.88,,,,,,,,,,,,,,,,,,General_Search
portable jackery power station,CNY,500.0,0%,900%,高,100.0,2.38,5.57,,,,,,,,,,,,,,,,,,Brand_Specific
jackery power station with solar panel,CNY,500.0,0%,900%,高,100.0,2.59,12.15,,,,,,,,,,,,,,,,,,Brand_Specific
ecoflow portable generator,CNY,500.0,0%,0%,高,100.0,2.42,12.89,,,,,,,,,,,,,,,,,,Brand_Specific
prymax portable power station,CNY,500.0,0%,0%,高,100.0,2.07,5.97,,,,,,,,,,,,,,,,,,General_Search
allwei portable power station,CNY,500.0,0%,0%,高,100.0,3.14,7.74,,,,,,,,,,,,,,,,,,General_Search
2500 watt solar generator,CNY,500.0,0%,0%,高,98.0,2.0,7.95,,,,,,,,,,,,,,,,,,Spec_Wattage
wgen7500,CNY,500.0,0%,0%,高,94.0,1.93,13.55,,,,,,,,,,,,,,,,,,General_Search
jackery battery generator,CNY,500.0,0%,0%,高,100.0,2.63,9.86,,,,,,,,,,,,,,,,,,Brand_Specific
ecoflow solar power generator,CNY,500.0,900%,0%,高,70.0,2.37,14.42,,,,,,,,,,,,,,,,,,Brand_Specific
jackery explorer 5000,CNY,500.0,0%,0%,高,100.0,2.47,17.26,,,,,,,,,,,,,,,,,,Brand_Specific
best ecoflow power station,CNY,500.0,0%,900%,高,100.0,2.05,8.99,,,,,,,,,,,,,,,,,,Brand_Specific
portable power generator for camping,CNY,500.0,0%,-90%,高,100.0,2.97,6.76,,,,,,,,,,,,,,,,,,Scenario_PainPoint
best solar generator with panels,CNY,500.0,0%,900%,高,100.0,2.59,15.86,,,,,,,,,,,,,,,,,,General_Search
jackery panels,CNY,500.0,0%,900%,高,100.0,2.94,11.77,,,,,,,,,,,,,,,,,,Brand_Specific
jackery explorer 1000 power station,CNY,500.0,0%,0%,高,79.0,2.68,6.32,,,,,,,,,,,,,,,,,,Brand_Specific
small jackery power station,CNY,500.0,0%,0%,高,100.0,2.13,4.94,,,,,,,,,,,,,,,,,,Brand_Specific
solar generator 1500 watts,CNY,500.0,0%,0%,高,100.0,2.01,10.61,,,,,,,,,,,,,,,,,,Spec_Wattage
portable solar generator for home,CNY,500.0,900%,900%,高,100.0,2.87,12.24,,,,,,,,,,,,,,,,,,Scenario_PainPoint
jackery 300 explorer,CNY,500.0,0%,0%,高,100.0,2.41,5.46,,,,,,,,,,,,,,,,,,Brand_Specific
eco flow portable power station,CNY,500.0,0%,900%,高,100.0,2.6,11.06,,,,,,,,,,,,,,,,,,General_Search
300 watt portable power station,CNY,500.0,0%,0%,高,100.0,2.44,7.12,,,,,,,,,,,,,,,,,,Spec_Wattage
best portable solar power generator,CNY,500.0,900%,900%,高,100.0,3.05,13.19,,,,,,,,,,,,,,,,,,General_Search
jackery 3600 watt solar generator,CNY,500.0,0%,0%,高,100.0,6.71,25.74,,,,,,,,,,,,,,,,,,Brand_Specific
best portable solar generator for camping,CNY,500.0,0%,900%,高,88.0,3.03,11.01,,,,,,,,,,,,,,,,,,Scenario_PainPoint
jackery backup battery,CNY,500.0,0%,0%,高,100.0,2.68,13.65,,,,,,,,,,,,,,,,,,Brand_Specific
best portable solar generator for home backup,CNY,500.0,0%,900%,高,100.0,3.1,21.24,,,,,,,,,,,,,,,,,,Scenario_PainPoint
ecoflow generator with solar panel,CNY,500.0,0%,900%,高,100.0,1.62,11.38,,,,,,,,,,,,,,,,,,Brand_Specific
3000wh power station,CNY,500.0,0%,900%,高,100.0,2.97,10.06,,,,,,,,,,,,,,,,,,Spec_Wattage
portable power station solar generator,CNY,500.0,0%,0%,高,100.0,2.8,7.64,,,,,,,,,,,,,,,,,,General_Search
bluetti power station price,CNY,500.0,0%,0%,高,100.0,2.88,6.34,,,,,,,,,,,,,,,,,,Brand_Specific
jackery 300w,CNY,500.0,0%,900%,高,100.0,2.68,6.48,,,,,,,,,,,,,,,,,,Brand_Specific
jackery solar generator near me,CNY,500.0,900%,900%,高,93.0,3.38,30.83,,,,,,,,,,,,,,,,,,Brand_Specific
powerstation generator,CNY,500.0,0%,0%,高,100.0,2.77,12.01,,,,,,,,,,,,,,,,,,General_Search
howeasy portable power station,CNY,500.0,0%,900%,高,100.0,1.3,7.26,,,,,,,,,,,,,,,,,,General_Search
eco flow delta solar generator,CNY,500.0,0%,900%,高,96.0,2.05,7.34,,,,,,,,,,,,,,,,,,General_Search
duracell 1800 powersource,CNY,500.0,-90%,-90%,高,95.0,,,,,,,,,,,,,,,,,,,,General_Search
500watt generator,CNY,500.0,0%,0%,高,100.0,1.54,4.92,,,,,,,,,,,,,,,,,,Spec_Wattage
500 watts solar generator,CNY,500.0,0%,0%,高,100.0,1.78,6.19,,,,,,,,,,,,,,,,,,Spec_Wattage
2000w solargenerator,CNY,500.0,0%,0%,高,100.0,2.64,14.3,,,,,,,,,,,,,,,,,,Spec_Wattage
goal zero yeti 1400 lithium,CNY,500.0,0%,0%,高,99.0,0.67,8.17,,,,,,,,,,,,,,,,,,Brand_Specific
portable lithium battery generator,CNY,500.0,-99%,0%,中,64.0,,,,,,,,,,,,,,,,,,,,General_Search
battery generators for camping,CNY,500.0,900%,900%,高,100.0,3.2,8.66,,,,,,,,,,,,,,,,,,Scenario_PainPoint
jackery portable power generator,CNY,500.0,0%,0%,高,100.0,,,,,,,,,,,,,,,,,,,,Brand_Specific
portable solar powered electric generators,CNY,500.0,0%,0%,高,100.0,2.71,9.39,,,,,,,,,,,,,,,,,,General_Search
solar generator for space heater,CNY,500.0,0%,0%,高,100.0,1.82,3.32,,,,,,,,,,,,,,,,,,General_Search
solar powered inverter generator,CNY,500.0,0%,0%,高,100.0,2.35,10.26,,,,,,,,,,,,,,,,,,General_Search
generator goal zero,CNY,500.0,0%,0%,高,100.0,0.76,7.72,,,,,,,,,,,,,,,,,,Brand_Specific
lithium battery for generator,CNY,500.0,0%,0%,高,100.0,2.5,10.06,,,,,,,,,,,,,,,,,,General_Search
solar generators at lowes,CNY,500.0,0%,0%,高,100.0,1.94,10.19,,,,,,,,,,,,,,,,,,General_Search
solar panel powerstation,CNY,500.0,0%,0%,高,100.0,2.8,10.47,,,,,,,,,,,,,,,,,,General_Search
honda generator solar,CNY,500.0,900%,0%,高,100.0,1.81,6.09,,,,,,,,,,,,,,,,,,General_Search
solar generator 1800 watt,CNY,500.0,900%,0%,高,100.0,2.25,10.31,,,,,,,,,,,,,,,,,,Spec_Wattage
eco flow delta generator,CNY,500.0,0%,0%,高,100.0,1.57,6.87,,,,,,,,,,,,,,,,,,General_Search
ecoflow delta generator price,CNY,500.0,0%,0%,高,97.0,,,,,,,,,,,,,,,,,,,,Brand_Specific
portable solar power station for camping,CNY,500.0,0%,0%,高,97.0,2.63,10.97,,,,,,,,,,,,,,,,,,Scenario_PainPoint
flash fish power bank,CNY,500.0,-90%,0%,高,100.0,0.72,3.22,,,,,,,,,,,,,,,,,,General_Search
zero yeti 150,CNY,500.0,0%,900%,高,90.0,0.67,5.29,,,,,,,,,,,,,,,,,,General_Search
solar portable outlet,CNY,500.0,0%,0%,高,100.0,1.11,4.13,,,,,,,,,,,,,,,,,,General_Search
solar generators lowes,CNY,500.0,0%,0%,高,100.0,1.94,10.19,,,,,,,,,,,,,,,,,,General_Search
portable solar power plant,CNY,500.0,0%,0%,高,100.0,3.09,11.74,,,,,,,,,,,,,,,,,,General_Search
portable solar power outlet,CNY,500.0,0%,0%,高,100.0,1.11,4.13,,,,,,,,,,,,,,,,,,General_Search
portable solar generator system,CNY,500.0,900%,0%,中,58.0,2.14,4.07,,,,,,,,,,,,,,,,,,General_Search
okmo battery,CNY,500.0,0%,0%,高,100.0,0.67,10.26,,,,,,,,,,,,,,,,,,General_Search
mobile solargenerator,CNY,500.0,0%,-90%,高,100.0,3.34,23.26,,,,,,,,,,,,,,,,,,General_Search
mobile solar generatoren,CNY,500.0,0%,-90%,高,100.0,3.34,23.26,,,,,,,,,,,,,,,,,,General_Search
marbero power station,CNY,500.0,0%,0%,高,100.0,1.42,4.57,,,,,,,,,,,,,,,,,,General_Search
marbero 88wh portable power station,CNY,500.0,0%,900%,中,54.0,,,,,,,,,,,,,,,,,,,,Spec_Wattage
lithium battery portable generator,CNY,500.0,-99%,0%,中,64.0,,,,,,,,,,,,,,,,,,,,General_Search
honeywell 7500 generator,CNY,500.0,0%,0%,低,15.0,,,,,,,,,,,,,,,,,,,,General_Search
goalzero 150,CNY,500.0,0%,900%,高,90.0,0.67,5.29,,,,,,,,,,,,,,,,,,General_Search
goal zero yeti 300,CNY,500.0,0%,0%,高,100.0,0.67,5.78,,,,,,,,,,,,,,,,,,Brand_Specific
goal zero yeti 150 generator,CNY,500.0,0%,900%,高,90.0,0.67,5.29,,,,,,,,,,,,,,,,,,Brand_Specific
flashfish a101 portable power station,CNY,500.0,0%,900%,中,47.0,,,,,,,,,,,,,,,,,,,,General_Search
solar generator for ac,CNY,500.0,0%,0%,高,100.0,1.84,9.56,,,,,,,,,,,,,,,,,,General_Search
ecoflow river solar generator,CNY,500.0,0%,0%,中,60.0,,,,,,,,,,,,,,,,,,,,Brand_Specific
pecron 1000,CNY,500.0,0%,0%,高,100.0,2.4,4.33,,,,,,,,,,,,,,,,,,Brand_Specific
cat rp5500 generator,CNY,500.0,0%,0%,低,24.0,5.01,22.22,,,,,,,,,,,,,,,,,,General_Search
jackery explorer 500 power station,CNY,500.0,0%,-90%,中,51.0,,,,,,,,,,,,,,,,,,,,Brand_Specific
ecoflow portable solar generator,CNY,500.0,900%,0%,低,22.0,2.98,41.76,,,,,,,,,,,,,,,,,,Brand_Specific
solar 220v generator,CNY,500.0,0%,0%,高,100.0,2.14,10.79,,,,,,,,,,,,,,,,,,General_Search
portable solar power station 2000w,CNY,500.0,0%,900%,高,100.0,2.19,6.94,,,,,,,,,,,,,,,,,,Spec_Wattage
top 10 solar generator,CNY,500.0,0%,900%,高,100.0,2.35,19.1,,,,,,,,,,,,,,,,,,General_Search
gp15000e generac,CNY,500.0,0%,0%,高,100.0,2.81,61.78,,,,,,,,,,,,,,,,,,General_Search
powerhouse solar generator,CNY,500.0,0%,900%,高,100.0,1.52,14.06,,,,,,,,,,,,,,,,,,General_Search
goal zero electric generator,CNY,500.0,0%,0%,高,100.0,0.76,7.72,,,,,,,,,,,,,,,,,,Brand_Specific
jackery power outdoor,CNY,500.0,0%,0%,高,100.0,2.68,6.77,,,,,,,,,,,,,,,,,,Brand_Specific
takki portable power station,CNY,500.0,0%,0%,高,100.0,1.31,6.24,,,,,,,,,,,,,,,,,,General_Search
portable battery generator for home,CNY,500.0,900%,900%,高,100.0,3.17,11.54,,,,,,,,,,,,,,,,,,Scenario_PainPoint
jackery solar generator costco,CNY,500.0,900%,900%,高,100.0,3.46,10.67,,,,,,,,,,,,,,,,,,Brand_Specific
solar generator and battery,CNY,500.0,900%,900%,高,100.0,3.42,17.84,,,,,,,,,,,,,,,,,,General_Search
jackery explorer 1000 solar generator,CNY,500.0,900%,0%,中,49.0,3.1,6.52,,,,,,,,,,,,,,,,,,Brand_Specific
powkey portable power station,CNY,500.0,0%,0%,高,100.0,1.58,10.83,,,,,,,,,,,,,,,,,,General_Search
2000 watts solar generator,CNY,500.0,0%,-90%,高,100.0,2.04,9.71,,,,,,,,,,,,,,,,,,Spec_Wattage
2000 watt solar power generator,CNY,500.0,0%,-90%,高,100.0,2.04,9.71,,,,,,,,,,,,,,,,,,Spec_Wattage
aimtom power station,CNY,500.0,0%,0%,高,100.0,1.92,9.67,,,,,,,,,,,,,,,,,,General_Search
grecell portable power station,CNY,500.0,0%,900%,高,100.0,1.1,8.86,,,,,,,,,,,,,,,,,,General_Search
costco jackery solar generator,CNY,500.0,0%,0%,高,100.0,3.35,13.2,,,,,,,,,,,,,,,,,,Brand_Specific
1500 w solar generator,CNY,500.0,0%,0%,高,100.0,2.01,10.61,,,,,,,,,,,,,,,,,,Spec_Wattage
outdoor solar power generator,CNY,500.0,-90%,0%,高,100.0,2.88,9.38,,,,,,,,,,,,,,,,,,General_Search
1000w solar power generator,CNY,500.0,0%,0%,高,100.0,2.35,9.09,,,,,,,,,,,,,,,,,,Spec_Wattage
marbero portable power supply,CNY,500.0,0%,0%,高,100.0,1.34,3.55,,,,,,,,,,,,,,,,,,General_Search
goal zero yeti 150 solar generator,CNY,500.0,0%,900%,高,90.0,0.67,5.29,,,,,,,,,,,,,,,,,,Brand_Specific
1500 watt solar power generator,CNY,500.0,0%,0%,高,100.0,2.01,10.61,,,,,,,,,,,,,,,,,,Spec_Wattage
jackery 300 solar generator,CNY,500.0,0%,0%,高,100.0,2.88,6.39,,,,,,,,,,,,,,,,,,Brand_Specific
goal zero solar power generator,CNY,500.0,0%,0%,高,99.0,0.74,9.65,,,,,,,,,,,,,,,,,,Brand_Specific
1000 watts solar generator,CNY,500.0,0%,0%,高,100.0,1.86,7.45,,,,,,,,,,,,,,,,,,Spec_Wattage
power stations solar,CNY,500.0,0%,0%,高,100.0,3.02,11.45,,,,,,,,,,,,,,,,,,General_Search
portable solar power for home,CNY,500.0,0%,0%,高,100.0,1.8,23.74,,,,,,,,,,,,,,,,,,Scenario_PainPoint
aferiy powerstation,CNY,500.0,0%,900%,高,100.0,8.56,61.48,,,,,,,,,,,,,,,,,,General_Search
mobile solar power generator,CNY,500.0,0%,-90%,高,100.0,3.34,23.26,,,,,,,,,,,,,,,,,,General_Search
yeti 150 solar generator,CNY,500.0,0%,900%,高,90.0,0.67,5.29,,,,,,,,,,,,,,,,,,General_Search
heavy duty solar power generator,CNY,500.0,0%,900%,中,53.0,2.89,16.6,,,,,,,,,,,,,,,,,,General_Search
portable solar generator kits,CNY,500.0,0%,0%,高,67.0,1.86,8.14,,,,,,,,,,,,,,,,,,General_Search
eco flow delta power station,CNY,500.0,0%,0%,高,100.0,1.69,5.84,,,,,,,,,,,,,,,,,,General_Search
the best solar power generator,CNY,500.0,0%,0%,高,100.0,3.03,16.8,,,,,,,,,,,,,,,,,,General_Search
sbaoh portable power station,CNY,500.0,900%,900%,高,100.0,1.55,7.19,,,,,,,,,,,,,,,,,,General_Search
power station solar panel,CNY,500.0,0%,0%,高,100.0,2.7,11.71,,,,,,,,,,,,,,,,,,General_Search
solar generator jackery,CNY,500.0,0%,0%,高,100.0,2.23,12.14,,,,,,,,,,,,,,,,,,Brand_Specific
bluetti ac200p portable power station,CNY,500.0,0%,0%,高,93.0,6.38,8.72,,,,,,,,,,,,,,,,,,Brand_Specific
jackery explorer 500 portable power station,CNY,500.0,0%,0%,高,82.0,2.68,8.58,,,,,,,,,,,,,,,,,,Brand_Specific
best solar generators for home use,CNY,500.0,0%,-90%,高,100.0,5.02,44.58,,,,,,,,,,,,,,,,,,Scenario_PainPoint
blue yeti solar generator,CNY,500.0,0%,0%,高,100.0,3.22,9.7,,,,,,,,,,,,,,,,,,General_Search
yeti portable power station,CNY,500.0,0%,-90%,高,100.0,0.87,7.19,,,,,,,,,,,,,,,,,,General_Search
jackery alternative,CNY,500.0,0%,0%,高,100.0,3.19,11.86,,,,,,,,,,,,,,,,,,Brand_Specific
delta solar generator,CNY,500.0,0%,0%,高,100.0,1.57,6.35,,,,,,,,,,,,,,,,,,General_Search
1000w portable power station,CNY,500.0,0%,0%,高,100.0,2.88,12.07,,,,,,,,,,,,,,,,,,Spec_Wattage
jackery portable power station explorer 1000,CNY,500.0,0%,0%,高,99.0,4.36,14.8,,,,,,,,,,,,,,,,,,Brand_Specific
2000w power station,CNY,500.0,0%,0%,高,100.0,2.54,9.18,,,,,,,,,,,,,,,,,,Spec_Wattage
jackery explorer 3000 pro,CNY,500.0,0%,0%,高,100.0,2.57,15.53,,,,,,,,,,,,,,,,,,Brand_Specific
jackery explorer 160,CNY,500.0,0%,0%,高,96.0,2.3,6.37,,,,,,,,,,,,,,,,,,Brand_Specific
lithium generator,CNY,500.0,0%,0%,高,100.0,2.55,14.41,,,,,,,,,,,,,,,,,,General_Search
jackery solar generator 1500,CNY,500.0,900%,900%,高,100.0,2.8,8.52,,,,,,,,,,,,,,,,,,Brand_Specific
ecoflow pro generator,CNY,500.0,0%,0%,高,100.0,1.74,11.9,,,,,,,,,,,,,,,,,,Brand_Specific
generark homepower one,CNY,500.0,0%,0%,高,100.0,9.82,41.92,,,,,,,,,,,,,,,,,,Scenario_PainPoint
power station bluetti,CNY,500.0,0%,900%,高,100.0,3.29,8.22,,,,,,,,,,,,,,,,,,Brand_Specific
most powerful solar generator,CNY,500.0,0%,0%,高,100.0,2.56,12.67,,,,,,,,,,,,,,,,,,General_Search
yeti 400,CNY,500.0,0%,0%,高,94.0,0.88,4.89,,,,,,,,,,,,,,,,,,General_Search
jackery solar generator 3000 pro,CNY,500.0,0%,0%,高,100.0,3.68,16.65,,,,,,,,,,,,,,,,,,Brand_Specific
jackery explorer 2000 pro portable power station,CNY,500.0,900%,0%,高,99.0,5.13,10.06,,,,,,,,,,,,,,,,,,Brand_Specific
solar generator near me,CNY,500.0,0%,0%,高,100.0,2.81,26.2,,,,,,,,,,,,,,,,,,General_Search
jackery deals,CNY,500.0,0%,0%,高,100.0,4.09,29.62,,,,,,,,,,,,,,,,,,Brand_Specific
4000 watt solar generator,CNY,500.0,0%,0%,高,100.0,1.91,9.17,,,,,,,,,,,,,,,,,,Spec_Wattage
top solar generators,CNY,500.0,0%,0%,高,100.0,2.71,16.16,,,,,,,,,,,,,,,,,,General_Search
renogy power station,CNY,500.0,0%,0%,高,100.0,2.98,13.26,,,,,,,,,,,,,,,,,,General_Search
lithium battery generator,CNY,500.0,0%,0%,高,100.0,2.5,10.06,,,,,,,,,,,,,,,,,,General_Search
240v solar generator,CNY,500.0,0%,0%,高,100.0,2.49,11.99,,,,,,,,,,,,,,,,,,General_Search
best rated solar generator,CNY,500.0,0%,0%,高,100.0,3.01,20.49,,,,,,,,,,,,,,,,,,General_Search
solar powered generator for rv,CNY,500.0,0%,0%,高,100.0,2.59,6.77,,,,,,,,,,,,,,,,,,Scenario_PainPoint
jackery 160,CNY,500.0,0%,0%,高,82.0,2.55,6.04,,,,,,,,,,,,,,,,,,Brand_Specific
best solar generator for rv,CNY,500.0,0%,0%,高,100.0,3.02,14.73,,,,,,,,,,,,,,,,,,Scenario_PainPoint
solar jackery,CNY,500.0,0%,0%,高,100.0,2.42,6.9,,,,,,,,,,,,,,,,,,Brand_Specific
jackery inverter,CNY,500.0,0%,0%,高,100.0,3.49,9.23,,,,,,,,,,,,,,,,,,Brand_Specific
jackery 300 power station,CNY,500.0,0%,0%,高,100.0,2.41,6.77,,,,,,,,,,,,,,,,,,Brand_Specific
goal zero yeti 150,CNY,500.0,0%,900%,高,90.0,0.67,5.29,,,,,,,,,,,,,,,,,,Brand_Specific
ecoflow delta 2 power station,CNY,500.0,0%,0%,高,100.0,1.34,4.56,,,,,,,,,,,,,,,,,,Brand_Specific
1000 watt solar generator,CNY,500.0,0%,0%,高,100.0,1.86,7.45,,,,,,,,,,,,,,,,,,Spec_Wattage
2000w solar generator,CNY,500.0,0%,0%,高,100.0,2.64,14.3,,,,,,,,,,,,,,,,,,Spec_Wattage
ecoflow delta power station,CNY,500.0,0%,0%,高,100.0,1.69,5.84,,,,,,,,,,,,,,,,,,Brand_Specific
cheap solar generator,CNY,500.0,0%,0%,高,100.0,1.8,11.84,,,,,,,,,,,,,,,,,,General_Search
jackery 1500 solar generator,CNY,500.0,0%,900%,高,100.0,3.24,8.88,,,,,,,,,,,,,,,,,,Brand_Specific
2000 watt solar generator,CNY,500.0,0%,-90%,高,100.0,2.04,9.71,,,,,,,,,,,,,,,,,,Spec_Wattage
bluetti solar,CNY,500.0,0%,0%,高,100.0,3.82,11.34,,,,,,,,,,,,,,,,,,Brand_Specific
pecron solar generator,CNY,500.0,0%,900%,高,100.0,2.55,6.15,,,,,,,,,,,,,,,,,,Brand_Specific
bluetti generator,CNY,500.0,0%,900%,高,100.0,3.15,10.13,,,,,,,,,,,,,,,,,,Brand_Specific
yeti generator,CNY,500.0,0%,0%,高,100.0,0.81,12.54,,,,,,,,,,,,,,,,,,General_Search
yeti solar generator,CNY,500.0,0%,0%,高,100.0,0.87,12.03,,,,,,,,,,,,,,,,,,General_Search
mini solar generator,CNY,500.0,0%,0%,高,100.0,1.69,5.46,,,,,,,,,,,,,,,,,,General_Search
best portable solar generator,CNY,500.0,900%,900%,高,100.0,3.05,13.19,,,,,,,,,,,,,,,,,,General_Search
jackery sale,CNY,500.0,0%,0%,高,100.0,2.51,20.64,,,,,,,,,,,,,,,,,,Brand_Specific
jackery solar generator 1000,CNY,500.0,0%,-90%,高,100.0,3.44,9.89,,,,,,,,,,,,,,,,,,Brand_Specific
best solar generator for off grid living,CNY,500.0,0%,0%,高,100.0,3.05,22.79,,,,,,,,,,,,,,,,,,Scenario_PainPoint
geneverse homepower one,CNY,500.0,0%,0%,高,100.0,2.91,53.79,,,,,,,,,,,,,,,,,,Scenario_PainPoint
jackery 3000 pro,CNY,500.0,900%,900%,高,100.0,2.74,16.38,,,,,,,,,,,,,,,,,,Brand_Specific
goal zero generator,CNY,500.0,0%,0%,高,100.0,0.76,7.72,,,,,,,,,,,,,,,,,,Brand_Specific
goal zero solar generator,CNY,500.0,0%,0%,高,99.0,0.74,9.65,,,,,,,,,,,,,,,,,,Brand_Specific
solar generator deals,CNY,500.0,0%,0%,高,100.0,4.11,17.11,,,,,,,,,,,,,,,,,,General_Search
geneverse solar generator,CNY,500.0,-90%,-90%,高,100.0,1.55,22.42,,,,,,,,,,,,,,,,,,General_Search
ecoflow delta portable power station,CNY,500.0,0%,0%,高,93.0,1.57,6.93,,,,,,,,,,,,,,,,,,Brand_Specific
solar portable power station,CNY,500.0,0%,0%,高,100.0,3.09,11.74,,,,,,,,,,,,,,,,,,General_Search
3000 watt solar generator,CNY,500.0,0%,-90%,高,100.0,2.07,11.09,,,,,,,,,,,,,,,,,,Spec_Wattage
ecoflow delta pro power station,CNY,500.0,900%,900%,高,100.0,2.1,13.3,,,,,,,,,,,,,,,,,,Brand_Specific
the jackery,CNY,500.0,0%,0%,高,100.0,2.53,11.13,,,,,,,,,,,,,,,,,,Brand_Specific
the best solar generator,CNY,500.0,0%,0%,高,100.0,3.03,16.8,,,,,,,,,,,,,,,,,,General_Search
jackery explorer 1500 portable power station,CNY,500.0,900%,900%,高,99.0,3.0,9.0,,,,,,,,,,,,,,,,,,Brand_Specific
ecoflow delta solar generator,CNY,500.0,0%,900%,高,96.0,2.05,7.34,,,,,,,,,,,,,,,,,,Brand_Specific
portable solar generator for house,CNY,500.0,0%,0%,高,100.0,2.76,16.18,,,,,,,,,,,,,,,,,,General_Search
solar inverter generator,CNY,500.0,0%,0%,高,100.0,2.35,10.26,,,,,,,,,,,,,,,,,,General_Search
solar power generator for camping,CNY,500.0,0%,0%,高,100.0,2.61,7.58,,,,,,,,,,,,,,,,,,Scenario_PainPoint
oupes solar generator,CNY,500.0,0%,0%,高,100.0,1.82,11.19,,,,,,,,,,,,,,,,,,General_Search
ecoflow delta 1000,CNY,500.0,900%,0%,高,100.0,0.8,4.32,,,,,,,,,,,,,,,,,,Brand_Specific
solar generators for home use,CNY,500.0,0%,0%,高,100.0,4.16,33.04,,,,,,,,,,,,,,,,,,Scenario_PainPoint
ef ecoflow portable power station,CNY,500.0,0%,0%,高,100.0,2.36,11.42,,,,,,,,,,,,,,,,,,Brand_Specific
ecoflow river portable power station,CNY,500.0,0%,0%,高,93.0,1.31,3.79,,,,,,,,,,,,,,,,,,Brand_Specific
ecoflow delta max portable power station,CNY,500.0,0%,0%,高,100.0,3.62,12.14,,,,,,,,,,,,,,,,,,Brand_Specific
best solar generator for camping,CNY,500.0,0%,0%,高,100.0,3.45,16.11,,,,,,,,,,,,,,,,,,Scenario_PainPoint
jackery 500 power station,CNY,500.0,-90%,-90%,高,100.0,2.49,7.78,,,,,,,,,,,,,,,,,,Brand_Specific
jackery solar generator 2000,CNY,500.0,0%,0%,高,100.0,5.37,14.96,,,,,,,,,,,,,,,,,,Brand_Specific
goal zero yeti 3000x,CNY,500.0,0%,0%,高,100.0,0.76,9.12,,,,,,,,,,,,,,,,,,Brand_Specific
emergency solar generator,CNY,500.0,900%,0%,高,100.0,3.36,17.72,,,,,,,,,,,,,,,,,,Scenario_PainPoint
ecoflow river pro portable power station,CNY,500.0,0%,0%,高,88.0,2.01,7.71,,,,,,,,,,,,,,,,,,Brand_Specific
best battery generator for home,CNY,500.0,0%,0%,高,100.0,3.29,14.48,,,,,,,,,,,,,,,,,,Scenario_PainPoint
eco flow solar generator,CNY,500.0,0%,900%,高,100.0,2.51,19.16,,,,,,,,,,,,,,,,,,General_Search
3600 watt solar generator,CNY,500.0,0%,0%,高,100.0,2.29,11.56,,,,,,,,,,,,,,,,,,Spec_Wattage
pecron portable power station,CNY,500.0,0%,0%,高,100.0,2.57,5.9,,,,,,,,,,,,,,,,,,Brand_Specific
patriot generator price,CNY,500.0,0%,0%,高,100.0,1.81,22.66,,,,,,,,,,,,,,,,,,General_Search
jackery 1000 power station,CNY,500.0,0%,0%,高,100.0,3.34,7.18,,,,,,,,,,,,,,,,,,Brand_Specific
1500 watt portable power station,CNY,500.0,900%,0%,高,100.0,2.62,7.5,,,,,,,,,,,,,,,,,,Spec_Wattage
ebl portable power station,CNY,500.0,0%,0%,高,100.0,1.88,10.54,,,,,,,,,,,,,,,,,,General_Search
solar panel power station,CNY,500.0,0%,0%,高,100.0,2.8,10.47,,,,,,,,,,,,,,,,,,General_Search
solar and gas generator,CNY,500.0,0%,0%,高,100.0,2.24,17.22,,,,,,,,,,,,,,,,,,General_Search
oupes portable power station,CNY,500.0,0%,900%,高,99.0,2.84,20.12,,,,,,,,,,,,,,,,,,General_Search
3000w power station,CNY,500.0,0%,0%,高,100.0,3.26,9.06,,,,,,,,,,,,,,,,,,Spec_Wattage
solar gas generator,CNY,500.0,0%,0%,高,100.0,2.24,17.22,,,,,,,,,,,,,,,,,,General_Search
jackery competitors,CNY,500.0,0%,0%,高,100.0,3.42,17.61,,,,,,,,,,,,,,,,,,Brand_Specific
jackery solar saga,CNY,500.0,0%,900%,高,100.0,3.36,13.11,,,,,,,,,,,,,,,,,,Brand_Specific
bluetti eb70s portable power station,CNY,500.0,0%,900%,高,100.0,2.29,6.36,,,,,,,,,,,,,,,,,,Brand_Specific
honda solar generator,CNY,500.0,900%,0%,高,100.0,1.81,6.09,,,,,,,,,,,,,,,,,,General_Search
solar battery generator for home,CNY,500.0,900%,900%,高,100.0,3.44,30.3,,,,,,,,,,,,,,,,,,Scenario_PainPoint
ecoflow power generator,CNY,500.0,0%,0%,高,100.0,2.36,13.2,,,,,,,,,,,,,,,,,,Brand_Specific
best portable solar power station,CNY,500.0,0%,0%,高,100.0,3.09,13.91,,,,,,,,,,,,,,,,,,General_Search
best 3000 watt solar generator,CNY,500.0,900%,0%,高,100.0,2.23,11.86,,,,,,,,,,,,,,,,,,Spec_Wattage
3000 watt power station,CNY,500.0,0%,0%,高,100.0,3.14,9.12,,,,,,,,,,,,,,,,,,Spec_Wattage
jackery portable solar generator,CNY,500.0,0%,0%,高,83.0,2.55,15.43,,,,,,,,,,,,,,,,,,Brand_Specific
outdoor solar generator,CNY,500.0,-90%,0%,高,100.0,2.88,9.38,,,,,,,,,,,,,,,,,,General_Search
anker battery generator,CNY,500.0,0%,0%,高,100.0,2.4,12.54,,,,,,,,,,,,,,,,,,Brand_Specific
lifepo4 solar generator,CNY,500.0,-90%,0%,高,100.0,2.14,15.57,,,,,,,,,,,,,,,,,,General_Search
diy portable power station,CNY,500.0,0%,0%,中,59.0,,,,,,,,,,,,,,,,,,,,General_Search
best portable power station with solar panels,CNY,500.0,0%,0%,高,100.0,3.09,12.09,,,,,,,,,,,,,,,,,,General_Search
600w portable power station,CNY,500.0,0%,0%,高,100.0,2.77,10.12,,,,,,,,,,,,,,,,,,Spec_Wattage
jackery explorer 290 portable power station,CNY,500.0,0%,0%,高,96.0,1.55,4.83,,,,,,,,,,,,,,,,,,Brand_Specific
yeti generator solar,CNY,500.0,0%,0%,高,100.0,0.87,12.03,,,,,,,,,,,,,,,,,,General_Search
yeti battery backup,CNY,500.0,0%,-90%,高,100.0,0.8,12.14,,,,,,,,,,,,,,,,,,General_Search
jackery power station 300,CNY,500.0,0%,900%,高,100.0,3.49,8.26,,,,,,,,,,,,,,,,,,Brand_Specific
500 watt solar generator,CNY,500.0,0%,0%,高,100.0,1.78,6.19,,,,,,,,,,,,,,,,,,Spec_Wattage
solar power station for camping,CNY,500.0,0%,0%,高,100.0,3.23,11.74,,,,,,,,,,,,,,,,,,Scenario_PainPoint
small solar powered generator,CNY,500.0,0%,0%,高,100.0,2.1,5.7,,,,,,,,,,,,,,,,,,General_Search
wood fired generator,CNY,500.0,0%,0%,低,9.0,1.65,16.41,,,,,,,,,,,,,,,,,,General_Search
solar portable generator for home,CNY,500.0,0%,900%,高,100.0,3.07,18.03,,,,,,,,,,,,,,,,,,Scenario_PainPoint
1000 watt jackery,CNY,500.0,0%,0%,高,100.0,2.91,5.85,,,,,,,,,,,,,,,,,,Brand_Specific
anker power generator,CNY,500.0,0%,0%,高,100.0,3.17,13.42,,,,,,,,,,,,,,,,,,Brand_Specific
jackery solar battery,CNY,500.0,0%,0%,高,100.0,2.62,13.3,,,,,,,,,,,,,,,,,,Brand_Specific
best buy jackery,CNY,500.0,0%,0%,高,100.0,1.86,13.77,,,,,,,,,,,,,,,,,,Brand_Specific
jackery explorer 3000,CNY,500.0,0%,0%,高,100.0,5.37,12.07,,,,,,,,,,,,,,,,,,Brand_Specific
jackery on sale,CNY,500.0,0%,900%,高,100.0,2.73,14.38,,,,,,,,,,,,,,,,,,Brand_Specific
mobile solar generator,CNY,500.0,0%,-90%,高,100.0,3.34,23.26,,,,,,,,,,,,,,,,,,General_Search
jackery power generator,CNY,500.0,0%,900%,高,100.0,2.51,21.26,,,,,,,,,,,,,,,,,,Brand_Specific
grecell power station,CNY,500.0,0%,0%,高,100.0,1.14,9.93,,,,,,,,,,,,,,,,,,General_Search
solar generator ecoflow,CNY,500.0,0%,-90%,高,100.0,2.56,23.58,,,,,,,,,,,,,,,,,,Brand_Specific
jackery solar generator 300,CNY,500.0,-90%,0%,高,99.0,2.88,7.23,,,,,,,,,,,,,,,,,,Brand_Specific
1000w solar generator,CNY,500.0,0%,0%,高,100.0,2.35,9.09,,,,,,,,,,,,,,,,,,Spec_Wattage
jackery portable generator,CNY,500.0,0%,0%,高,100.0,2.61,11.05,,,,,,,,,,,,,,,,,,Brand_Specific
yeti goal zero 1500x,CNY,500.0,0%,0%,高,100.0,0.74,5.92,,,,,,,,,,,,,,,,,,Brand_Specific
allpowers portable power station,CNY,500.0,0%,0%,高,100.0,1.56,6.63,,,,,,,,,,,,,,,,,,General_Search
eco flo solar generator,CNY,500.0,0%,900%,高,100.0,2.42,17.79,,,,,,,,,,,,,,,,,,General_Search
solar generator kits,CNY,500.0,0%,0%,高,100.0,2.89,14.58,,,,,,,,,,,,,,,,,,General_Search
jackery for sale,CNY,500.0,900%,0%,高,100.0,2.99,14.45,,,,,,,,,,,,,,,,,,Brand_Specific
jackery power station 1000,CNY,500.0,-90%,0%,高,100.0,3.16,7.96,,,,,,,,,,,,,,,,,,Brand_Specific
jackery 1000w,CNY,500.0,0%,0%,高,100.0,3.4,6.23,,,,,,,,,,,,,,,,,,Brand_Specific
1500 watt solar generator,CNY,500.0,0%,0%,高,100.0,2.01,10.61,,,,,,,,,,,,,,,,,,Spec_Wattage
portable generator with solar panel,CNY,500.0,0%,0%,高,100.0,2.95,14.55,,,,,,,,,,,,,,,,,,General_Search
best solar power station,CNY,500.0,0%,0%,高,100.0,3.38,14.81,,,,,,,,,,,,,,,,,,General_Search
jackery solar power,CNY,500.0,0%,0%,高,100.0,2.66,20.66,,,,,,,,,,,,,,,,,,Brand_Specific
220v solar generator,CNY,500.0,0%,0%,高,100.0,2.14,10.79,,,,,,,,,,,,,,,,,,General_Search
1000 watt portable power station,CNY,500.0,0%,0%,高,100.0,2.42,6.86,,,,,,,,,,,,,,,,,,Spec_Wattage
suaoki portable power station,CNY,500.0,0%,-90%,高,89.0,,,,,,,,,,,,,,,,,,,,General_Search
westinghouse igen160s,CNY,500.0,0%,0%,高,99.0,1.28,7.34,,,,,,,,,,,,,,,,,,General_Search
ecoflow delta 1300 portable power station,CNY,500.0,0%,900%,高,100.0,0.54,5.16,,,,,,,,,,,,,,,,,,Brand_Specific
battery solar generator,CNY,500.0,900%,900%,高,100.0,3.42,17.84,,,,,,,,,,,,,,,,,,General_Search
3500 watt solar generator,CNY,500.0,0%,900%,高,100.0,2.25,10.85,,,,,,,,,,,,,,,,,,Spec_Wattage
best small solar generator,CNY,500.0,0%,0%,高,100.0,3.36,8.63,,,,,,,,,,,,,,,,,,General_Search
jackery 1500 explorer,CNY,500.0,0%,0%,高,100.0,2.56,7.04,,,,,,,,,,,,,,,,,,Brand_Specific
rockpals portable power station,CNY,500.0,0%,0%,高,100.0,2.2,12.42,,,,,,,,,,,,,,,,,,General_Search
2000 watt portable power station,CNY,500.0,0%,900%,高,100.0,2.66,7.34,,,,,,,,,,,,,,,,,,Spec_Wattage
patriot power generator price,CNY,500.0,0%,0%,高,100.0,1.81,22.66,,,,,,,,,,,,,,,,,,General_Search
500wh portable power station,CNY,500.0,0%,0%,高,100.0,2.61,9.39,,,,,,,,,,,,,,,,,,Spec_Wattage
generator jackery,CNY,500.0,0%,0%,高,100.0,2.64,19.32,,,,,,,,,,,,,,,,,,Brand_Specific
ecoflow delta generator,CNY,500.0,0%,0%,高,100.0,1.57,6.87,,,,,,,,,,,,,,,,,,Brand_Specific
bluetti maxoak,CNY,500.0,900%,900%,高,97.0,2.81,6.67,,,,,,,,,,,,,,,,,,Brand_Specific
jackery electric generator,CNY,500.0,0%,0%,高,100.0,2.3,8.44,,,,,,,,,,,,,,,,,,Brand_Specific
lifepo4 portable power station,CNY,500.0,0%,0%,高,100.0,2.57,10.17,,,,,,,,,,,,,,,,,,General_Search
ecoflow river mini portable power station,CNY,500.0,0%,900%,中,64.0,,,,,,,,,,,,,,,,,,,,Brand_Specific
300w lifepo4 solar generator,CNY,50.0,-100%,0%,未知,,,,,,,,,,,,,,,,,,,,,Spec_Wattage
300 watt portable generator,CNY,50.0,0%,0%,高,100.0,,,,,,,,,,,,,,,,,,,,Spec_Wattage
299wh,CNY,50.0,0%,0%,中,59.0,,,,,,,,,,,,,,,,,,,,Spec_Wattage
268wh portable power station,CNY,50.0,∞,∞,高,100.0,,,,,,,,,,,,,,,,,,,,Spec_Wattage
250w power station,CNY,50.0,0%,0%,高,100.0,,,,,,,,,,,,,,,,,,,,Spec_Wattage
200w portable power station flashfish 40800mah solar generator,CNY,50.0,900%,900%,中,57.0,,,,,,,,,,,,,,,,,,,,Spec_Wattage
200w portable power station flashfish,CNY,50.0,0%,0%,未知,,,,,,,,,,,,,,,,,,,,,Spec_Wattage
200w 110v charging rechargeable portable power station for camping,CNY,50.0,0%,0%,未知,,,,,,,,,,,,,,,,,,,,,Scenario_PainPoint
300w portable generator,CNY,50.0,0%,0%,高,100.0,,,,,,,,,,,,,,,,,,,,Spec_Wattage
200 watt portable generator,CNY,50.0,0%,0%,中,43.0,,,,,,,,,,,,,,,,,,,,Spec_Wattage
18650 solar generator,CNY,50.0,0%,0%,低,17.0,,,,,,,,,,,,,,,,,,,,General_Search
1500 watt portable solar generator,CNY,50.0,0%,∞,高,100.0,,,,,,,,,,,,,,,,,,,,Spec_Wattage
120w solar power station,CNY,50.0,0%,0%,未知,,,,,,,,,,,,,,,,,,,,,Spec_Wattage
1200wh solar generator battery,CNY,50.0,0%,-100%,未知,,,,,,,,,,,,,,,,,,,,,Spec_Wattage
100 watt portable generator power station,CNY,50.0,0%,-100%,未知,,,,,,,,,,,,,,,,,,,,,Spec_Wattage
flashfish ea150,CNY,50.0,0%,0%,高,100.0,2.42,7.61,,,,,,,,,,,,,,,,,,General_Search
100 watt portable generator,CNY,50.0,0%,0%,高,100.0,,,,,,,,,,,,,,,,,,,,Spec_Wattage
100 watt gas generator,CNY,50.0,0%,0%,高,86.0,,,,,,,,,,,,,,,,,,,,Spec_Wattage
flashfish g300 portable solar generator,CNY,50.0,0%,0%,高,93.0,,,,,,,,,,,,,,,,,,,,General_Search
pecron e3000 battery & solar generator,CNY,50.0,0%,-100%,未知,,,,,,,,,,,,,,,,,,,,,Brand_Specific
330w portable power station,CNY,50.0,0%,0%,高,100.0,,,,,,,,,,,,,,,,,,,,Spec_Wattage
ff flashfish,CNY,50.0,0%,0%,高,100.0,0.67,14.7,,,,,,,,,,,,,,,,,,General_Search
nature power 500 watt puresine solar lithium generator,CNY,50.0,0%,-100%,未知,,,,,,,,,,,,,,,,,,,,,Spec_Wattage
nexpow power station,CNY,50.0,0%,0%,高,100.0,,,,,,,,,,,,,,,,,,,,General_Search
goal zero yeti 400 power cord,CNY,50.0,0%,0%,高,100.0,,,,,,,,,,,,,,,,,,,,Brand_Specific
ef ecoflow portable power station delta 1260wh,CNY,50.0,∞,0%,高,100.0,,,,,,,,,,,,,,,,,,,,Brand_Specific
110v solar generator,CNY,50.0,0%,0%,高,100.0,,,,,,,,,,,,,,,,,,,,General_Search
renogy phoenix elite portable solar generator,CNY,50.0,0%,∞,中,64.0,,,,,,,,,,,,,,,,,,,,General_Search
necespow power station,CNY,50.0,∞,0%,低,0.0,,,,,,,,,,,,,,,,,,,,General_Search
portable solar generator flashfish,CNY,50.0,0%,0%,高,100.0,,,,,,,,,,,,,,,,,,,,General_Search
yobolife powerbox lm 3606,CNY,50.0,0%,0%,中,43.0,,,,,,,,,,,,,,,,,,,,General_Search
5kw portable solar generator,CNY,50.0,0%,0%,高,100.0,,,,,,,,,,,,,,,,,,,,General_Search
ecoflow power station river,CNY,50.0,0%,0%,高,100.0,0.8,8.05,,,,,,,,,,,,,,,,,,Brand_Specific
300w solar generator flashfish 60000mah portable power station,CNY,50.0,0%,0%,高,71.0,,,,,,,,,,,,,,,,,,,,Spec_Wattage
aeiusny 500w,CNY,50.0,-100%,0%,未知,,,,,,,,,,,,,,,,,,,,,Spec_Wattage
350w portable power station,CNY,50.0,0%,0%,高,100.0,,,,,,,,,,,,,,,,,,,,Spec_Wattage
400wh solar generator,CNY,50.0,0%,0%,高,100.0,,,,,,,,,,,,,,,,,,,,Spec_Wattage
aeiusny portable solar generator 500w,CNY,50.0,-100%,-100%,未知,,,,,,,,,,,,,,,,,,,,,Spec_Wattage
aeiusny portable solar generator 500w 288wh,CNY,50.0,0%,0%,未知,,,,,,,,,,,,,,,,,,,,,Spec_Wattage
aeiusny power station,CNY,50.0,0%,0%,高,100.0,,,,,,,,,,,,,,,,,,,,General_Search
aguei portable power station,CNY,50.0,0%,0%,未知,,,,,,,,,,,,,,,,,,,,,General_Search
aimtom 155wh portable power station,CNY,50.0,0%,0%,中,57.0,,,,,,,,,,,,,,,,,,,,Spec_Wattage
aimtom 300 watt portable power station,CNY,50.0,-100%,-100%,未知,,,,,,,,,,,,,,,,,,,,,Spec_Wattage
aimtom 42000mah 155wh power station,CNY,50.0,0%,0%,高,81.0,,,,,,,,,,,,,,,,,,,,Spec_Wattage
aimtom 540,CNY,50.0,∞,0%,高,90.0,,,,,,,,,,,,,,,,,,,,General_Search
aimtom generator,CNY,50.0,0%,0%,高,100.0,,,,,,,,,,,,,,,,,,,,General_Search
aimtom portable generator,CNY,50.0,-100%,-100%,未知,,,,,,,,,,,,,,,,,,,,,General_Search
aimtom portable solar generator 42000mah 155wh power station,CNY,50.0,-100%,0%,未知,,,,,,,,,,,,,,,,,,,,,Spec_Wattage
aimtom power,CNY,50.0,0%,∞,低,21.0,,,,,,,,,,,,,,,,,,,,General_Search
200w solar generator,CNY,50.0,0%,0%,高,100.0,2.47,4.76,,,,,,,,,,,,,,,,,,Spec_Wattage
aimtom solar,CNY,50.0,0%,∞,高,100.0,,,,,,,,,,,,,,,,,,,,General_Search
aimtom power bank,CNY,50.0,0%,∞,中,43.0,,,,,,,,,,,,,,,,,,,,General_Search
aeiusny portable solar generator,CNY,50.0,0%,0%,高,100.0,,,,,,,,,,,,,,,,,,,,General_Search
aeiusny portable power station 296wh 400w,CNY,50.0,0%,0%,未知,,,,,,,,,,,,,,,,,,,,,Spec_Wattage
aeiusny portable generator,CNY,50.0,0%,0%,高,89.0,,,,,,,,,,,,,,,,,,,,General_Search
500w solar power generator,CNY,50.0,-100%,-100%,未知,,,,,,,,,,,,,,,,,,,,,Spec_Wattage
500 watt portable solar generator,CNY,50.0,0%,0%,高,100.0,,,,,,,,,,,,,,,,,,,,Spec_Wattage
500 watt puresine solar lithium generator,CNY,50.0,0%,0%,未知,,,,,,,,,,,,,,,,,,,,,Spec_Wattage
5000wh power station,CNY,50.0,0%,0%,高,100.0,3.55,11.76,,,,,,,,,,,,,,,,,,Spec_Wattage
500w portable generator,CNY,50.0,0%,0%,高,100.0,,,,,,,,,,,,,,,,,,,,Spec_Wattage
500w portable solar generator,CNY,50.0,-100%,-100%,未知,,,,,,,,,,,,,,,,,,,,,Spec_Wattage
500w power generator,CNY,50.0,∞,0%,高,100.0,,,,,,,,,,,,,,,,,,,,Spec_Wattage
88wh portable power station,CNY,50.0,0%,0%,低,0.0,,,,,,,,,,,,,,,,,,,,Spec_Wattage
aeiusny generator,CNY,50.0,0%,∞,高,100.0,,,,,,,,,,,,,,,,,,,,General_Search
ac solar generator,CNY,50.0,0%,0%,高,100.0,2.26,27.7,,,,,,,,,,,,,,,,,,General_Search
acopower 150wh portable solar generator,CNY,50.0,0%,-100%,未知,,,,,,,,,,,,,,,,,,,,,Spec_Wattage
acopower 400wh portable solar generator,CNY,50.0,0%,0%,高,100.0,,,,,,,,,,,,,,,,,,,,Spec_Wattage
acopower s320,CNY,50.0,0%,0%,高,86.0,,,,,,,,,,,,,,,,,,,,General_Search
acopower solar generator,CNY,50.0,0%,0%,高,100.0,,,,,,,,,,,,,,,,,,,,General_Search
aeiusny 400w,CNY,50.0,-100%,0%,未知,,,,,,,,,,,,,,,,,,,,,Spec_Wattage
buy portable solar generator,CNY,50.0,0%,0%,高,71.0,,,,,,,,,,,,,,,,,,,,General_Search
solar generator 110v,CNY,50.0,0%,0%,高,100.0,,,,,,,,,,,,,,,,,,,,General_Search
overland solar generator,CNY,50.0,0%,0%,高,100.0,,,,,,,,,,,,,,,,,,,,General_Search
pecron 1000w,CNY,50.0,0%,0%,高,100.0,2.18,4.25,,,,,,,,,,,,,,,,,,Brand_Specific
portable goal zero solar generator,CNY,50.0,0%,0%,未知,,,,,,,,,,,,,,,,,,,,,Brand_Specific
lifepo4 portable solar power station,CNY,50.0,0%,0%,高,100.0,,,,,,,,,,,,,,,,,,,,General_Search
lithium portable generator,CNY,50.0,0%,0%,中,53.0,2.85,6.38,,,,,,,,,,,,,,,,,,General_Search
powerworks portable power station pse701,CNY,50.0,0%,-100%,未知,,,,,,,,,,,,,,,,,,,,,General_Search
jackery 1000 cost,CNY,50.0,0%,0%,高,100.0,2.35,8.56,,,,,,,,,,,,,,,,,,Brand_Specific
jackery wattage,CNY,50.0,0%,0%,高,100.0,3.02,7.04,,,,,,,,,,,,,,,,,,Brand_Specific
portable solar generator 1000w,CNY,50.0,0%,0%,高,100.0,2.02,4.91,,,,,,,,,,,,,,,,,,Spec_Wattage
kyng power 500w,CNY,50.0,0%,0%,高,67.0,,,,,,,,,,,,,,,,,,,,Spec_Wattage
wattfun portable power station,CNY,50.0,0%,0%,高,100.0,1.99,11.03,,,,,,,,,,,,,,,,,,General_Search
okmo 1000 watt power station,CNY,50.0,0%,0%,中,60.0,,,,,,,,,,,,,,,,,,,,Spec_Wattage
jackery new product,CNY,50.0,0%,0%,高,75.0,,,,,,,,,,,,,,,,,,,,Brand_Specific
baldr 330 watt power station,CNY,50.0,0%,0%,高,98.0,1.91,7.07,,,,,,,,,,,,,,,,,,Spec_Wattage
powkey 200w portable power station,CNY,50.0,0%,-90%,高,73.0,,,,,,,,,,,,,,,,,,,,Spec_Wattage
small generator solar,CNY,50.0,0%,0%,高,100.0,2.1,7.03,,,,,,,,,,,,,,,,,,General_Search
solar generator for camper van,CNY,50.0,0%,0%,高,100.0,3.45,5.5,,,,,,,,,,,,,,,,,,General_Search
flash fish power station,CNY,50.0,0%,900%,高,100.0,0.99,3.84,,,,,,,,,,,,,,,,,,General_Search
yeti battery powered generator,CNY,50.0,0%,0%,高,100.0,0.59,4.4,,,,,,,,,,,,,,,,,,General_Search
jackery sg1500,CNY,50.0,-100%,-100%,未知,,,,,,,,,,,,,,,,,,,,,Brand_Specific
jackery portable power station 300w,CNY,50.0,0%,∞,高,100.0,,,,,,,,,,,,,,,,,,,,Brand_Specific
pecron 1500w solar generator,CNY,50.0,-100%,-100%,未知,,,,,,,,,,,,,,,,,,,,,Brand_Specific
aimtom sps 155,CNY,50.0,∞,0%,高,83.0,,,,,,,,,,,,,,,,,,,,General_Search
portable solar backup,CNY,50.0,0%,0%,高,100.0,3.9,11.74,,,,,,,,,,,,,,,,,,General_Search
lithium iron phosphate generator,CNY,50.0,∞,0%,高,100.0,2.14,10.73,,,,,,,,,,,,,,,,,,General_Search
renogy lycan powerbox solar generator,CNY,50.0,∞,0%,中,40.0,,,,,,,,,,,,,,,,,,,,General_Search
westinghouse portable solar generator,CNY,50.0,0%,0%,高,100.0,,,,,,,,,,,,,,,,,,,,General_Search
delta 1800 solar generator,CNY,50.0,0%,∞,低,0.0,,,,,,,,,,,,,,,,,,,,General_Search
ecoflow 3300 watt peak output delta,CNY,50.0,0%,0%,未知,,,,,,,,,,,,,,,,,,,,,Brand_Specific
jackery sump pump,CNY,50.0,0%,0%,高,100.0,2.1,9.93,,,,,,,,,,,,,,,,,,Brand_Specific
phoenix solar generator,CNY,50.0,0%,0%,高,100.0,,,,,,,,,,,,,,,,,,,,General_Search
ryobi power station solar,CNY,50.0,0%,0%,高,98.0,,,,,,,,,,,,,,,,,,,,General_Search
best portable power station generator,CNY,50.0,0%,0%,高,100.0,,,,,,,,,,,,,,,,,,,,General_Search
bibene cn505,CNY,50.0,-100%,-100%,未知,,,,,,,,,,,,,,,,,,,,,General_Search
100w solar generator,CNY,50.0,0%,0%,高,87.0,,,,,,,,,,,,,,,,,,,,Spec_Wattage
bluetti maxoak 1500wh,CNY,50.0,0%,0%,高,100.0,,,,,,,,,,,,,,,,,,,,Brand_Specific
golabs solar generator,CNY,50.0,0%,-100%,未知,,,,,,,,,,,,,,,,,,,,,General_Search
best solar and gas generator,CNY,50.0,∞,0%,高,100.0,2.75,13.14,,,,,,,,,,,,,,,,,,General_Search
power bank solar generator,CNY,50.0,0%,0%,高,100.0,3.0,12.97,,,,,,,,,,,,,,,,,,General_Search
5000w portable solar generator,CNY,50.0,0%,0%,高,100.0,,,,,,,,,,,,,,,,,,,,Spec_Wattage
takki solar generator,CNY,50.0,0%,0%,高,100.0,1.66,10.74,,,,,,,,,,,,,,,,,,General_Search
bluetti eb70 700w,CNY,50.0,0%,-100%,未知,,,,,,,,,,,,,,,,,,,,,Brand_Specific
goal zero generator price,CNY,50.0,∞,∞,高,100.0,,,,,,,,,,,,,,,,,,,,Brand_Specific
portable generator panel,CNY,50.0,0%,0%,高,91.0,,,,,,,,,,,,,,,,,,,,General_Search
most powerful solar generator 2022,CNY,50.0,0%,0%,未知,,,,,,,,,,,,,,,,,,,,,General_Search
okmo portable power station 2000w,CNY,50.0,∞,0%,高,100.0,,,,,,,,,,,,,,,,,,,,Spec_Wattage
rockpals 330w portable power station,CNY,50.0,0%,0%,高,67.0,,,,,,,,,,,,,,,,,,,,Spec_Wattage
propane generator off grid,CNY,50.0,0%,0%,高,100.0,2.36,26.63,,,,,,,,,,,,,,,,,,Scenario_PainPoint
irozce power station,CNY,50.0,0%,0%,中,43.0,,,,,,,,,,,,,,,,,,,,General_Search
enelong portable power station,CNY,50.0,0%,0%,未知,,,,,,,,,,,,,,,,,,,,,General_Search
renogy portable solar generator,CNY,50.0,∞,0%,高,100.0,,,,,,,,,,,,,,,,,,,,General_Search
bibene solar generator,CNY,50.0,0%,-100%,未知,,,,,,,,,,,,,,,,,,,,,General_Search
montek 1000w solar generator,CNY,50.0,0%,-100%,未知,,,,,,,,,,,,,,,,,,,,,Spec_Wattage
portable solar wind power generator,CNY,50.0,0%,0%,高,100.0,,,,,,,,,,,,,,,,,,,,General_Search
solar generator station,CNY,50.0,0%,0%,高,100.0,,,,,,,,,,,,,,,,,,,,General_Search
duracell gasless generator solar panel,CNY,50.0,∞,0%,高,100.0,,,,,,,,,,,,,,,,,,,,General_Search
220v portable solar generator,CNY,50.0,0%,0%,未知,,,,,,,,,,,,,,,,,,,,,General_Search
jackery 167wh,CNY,50.0,0%,0%,高,100.0,,,,,,,,,,,,,,,,,,,,Brand_Specific
explorer 1000 generator,CNY,50.0,∞,∞,高,100.0,,,,,,,,,,,,,,,,,,,,General_Search
best lithium ion solar generator,CNY,50.0,0%,0%,未知,,,,,,,,,,,,,,,,,,,,,General_Search
ecoflow delta 1300 generator,CNY,50.0,0%,∞,低,14.0,,,,,,,,,,,,,,,,,,,,Brand_Specific
bluetti eb150 1500wh 1000w portable power station,CNY,50.0,∞,∞,高,100.0,,,,,,,,,,,,,,,,,,,,Brand_Specific
baldr portable power station 500w,CNY,50.0,0%,0%,高,100.0,,,,,,,,,,,,,,,,,,,,Spec_Wattage
ecoflow delta portable generator,CNY,50.0,0%,0%,高,86.0,,,,,,,,,,,,,,,,,,,,Brand_Specific
rockpals 250w portable power station,CNY,50.0,0%,0%,中,60.0,,,,,,,,,,,,,,,,,,,,Spec_Wattage
allpowers portable solar panel,CNY,50.0,0%,0%,高,100.0,0.82,2.57,,,,,,,,,,,,,,,,,,General_Search
best prepper solar generator,CNY,50.0,0%,0%,高,94.0,,,,,,,,,,,,,,,,,,,,General_Search
generator 200w,CNY,50.0,0%,0%,高,100.0,2.27,33.62,,,,,,,,,,,,,,,,,,Spec_Wattage
harbor freight solar power station,CNY,50.0,0%,0%,高,100.0,1.94,14.35,,,,,,,,,,,,,,,,,,General_Search
delta 1300 portable power pack,CNY,50.0,-100%,-100%,未知,,,,,,,,,,,,,,,,,,,,,General_Search
gooloo 600w portable power station,CNY,50.0,0%,0%,低,14.0,,,,,,,,,,,,,,,,,,,,Spec_Wattage
aimtom solar generator,CNY,50.0,-100%,-100%,未知,,,,,,,,,,,,,,,,,,,,,General_Search
bluetti ac200p 2000wh 2000w portable power station solar generator new,CNY,50.0,0%,0%,未知,,,,,,,,,,,,,,,,,,,,,Brand_Specific
aimtom sps 300,CNY,50.0,0%,0%,高,94.0,,,,,,,,,,,,,,,,,,,,General_Search
bibene portable power station,CNY,50.0,0%,0%,高,100.0,,,,,,,,,,,,,,,,,,,,General_Search
bluetti eb70s portable power station 800w 716wh,CNY,50.0,0%,0%,高,100.0,,,,,,,,,,,,,,,,,,,,Brand_Specific
bluetti eco,CNY,50.0,0%,0%,中,57.0,,,,,,,,,,,,,,,,,,,,Brand_Specific
bluetti fast charge,CNY,50.0,0%,0%,高,100.0,2.89,8.38,,,,,,,,,,,,,,,,,,Brand_Specific
bluetti lithium,CNY,50.0,0%,0%,高,100.0,,,,,,,,,,,,,,,,,,,,Brand_Specific
bluetti maxoak 500wh,CNY,50.0,0%,-100%,未知,,,,,,,,,,,,,,,,,,,,,Brand_Specific
bluetti mini fridge,CNY,50.0,0%,0%,高,100.0,1.88,3.91,,,,,,,,,,,,,,,,,,Scenario_PainPoint
bluetti portable power station ac200p 2000w 2000wh solar generator,CNY,50.0,0%,-100%,未知,,,,,,,,,,,,,,,,,,,,,Brand_Specific
bluetti portable power station ac200p 2000wh,CNY,50.0,0%,0%,未知,,,,,,,,,,,,,,,,,,,,,Brand_Specific
bluetti portable power station eb3a 268wh,CNY,50.0,0%,0%,高,100.0,,,,,,,,,,,,,,,,,,,,Brand_Specific
bluetti portable power station eb3a 268wh lifepo4,CNY,50.0,-100%,-100%,未知,,,,,,,,,,,,,,,,,,,,,Brand_Specific
bluetti power station ac50s,CNY,50.0,0%,0%,高,100.0,,,,,,,,,,,,,,,,,,,,Brand_Specific
bluetti solar generator ac200p 2000wh,CNY,50.0,0%,0%,未知,,,,,,,,,,,,,,,,,,,,,Brand_Specific
bougerv 716wh,CNY,50.0,0%,-100%,未知,,,,,,,,,,,,,,,,,,,,,Scenario_PainPoint
bougerv solar power generator,CNY,50.0,0%,-100%,未知,,,,,,,,,,,,,,,,,,,,,Scenario_PainPoint
briefcase solar generator,CNY,50.0,0%,0%,高,100.0,2.11,21.52,,,,,,,,,,,,,,,,,,General_Search
bluetti eb70s eco mode,CNY,50.0,0%,0%,低,0.0,,,,,,,,,,,,,,,,,,,,Brand_Specific
bluetti eb70 716wh 700w portable power station,CNY,50.0,∞,0%,高,100.0,,,,,,,,,,,,,,,,,,,,Brand_Specific
bluetti eb55 portable power station 700w 537wh,CNY,50.0,0%,0%,高,75.0,,,,,,,,,,,,,,,,,,,,Brand_Specific
bluetti ac200p portable power station 2000 w 2000 wh,CNY,50.0,0%,0%,高,100.0,2.26,8.72,,,,,,,,,,,,,,,,,,Brand_Specific
bigblue lifepo4 portable power station,CNY,50.0,0%,0%,未知,,,,,,,,,,,,,,,,,,,,,General_Search
bluetti 2000w inverter,CNY,50.0,∞,0%,高,100.0,,,,,,,,,,,,,,,,,,,,Brand_Specific
bluetti 200p solar generator,CNY,50.0,∞,∞,低,0.0,,,,,,,,,,,,,,,,,,,,Brand_Specific
bluetti ac200 solar generator price,CNY,50.0,0%,0%,未知,,,,,,,,,,,,,,,,,,,,,Brand_Specific
bluetti ac2000 solar generator,CNY,50.0,0%,0%,未知,,,,,,,,,,,,,,,,,,,,,Brand_Specific
bluetti ac200p 2000w lifepo4 solar generator,CNY,50.0,0%,0%,未知,,,,,,,,,,,,,,,,,,,,,Brand_Specific
bluetti ac50s 300w 500wh,CNY,50.0,0%,0%,未知,,,,,,,,,,,,,,,,,,,,,Brand_Specific
bluetti eb3a portable power station 600w 268wh 1,CNY,50.0,∞,0%,高,71.0,,,,,,,,,,,,,,,,,,,,Brand_Specific
bluetti ac50s lifepo4,CNY,50.0,0%,-100%,未知,,,,,,,,,,,,,,,,,,,,,Brand_Specific
bluetti ac50s portable power station 300w 500wh,CNY,50.0,-100%,-100%,未知,,,,,,,,,,,,,,,,,,,,,Brand_Specific
bluetti ac50s power station 500wh,CNY,50.0,0%,0%,未知,,,,,,,,,,,,,,,,,,,,,Brand_Specific
bluetti ac50s solar generator,CNY,50.0,0%,0%,高,93.0,,,,,,,,,,,,,,,,,,,,Brand_Specific
bluetti eb240 portable power station 1000w 2400wh,CNY,50.0,0%,0%,未知,,,,,,,,,,,,,,,,,,,,,Brand_Specific
bluetti eb2400,CNY,50.0,∞,0%,高,100.0,,,,,,,,,,,,,,,,,,,,Brand_Specific
c inverter portable power station 1000w,CNY,50.0,0%,-100%,未知,,,,,,,,,,,,,,,,,,,,,Spec_Wattage
camping generator for cpap,CNY,50.0,0%,0%,高,100.0,1.79,6.75,,,,,,,,,,,,,,,,,,Scenario_PainPoint
chafon 500 watts portable generator,CNY,50.0,0%,0%,未知,,,,,,,,,,,,,,,,,,,,,Spec_Wattage
diy portable solar battery bank,CNY,50.0,0%,0%,低,0.0,,,,,,,,,,,,,,,,,,,,General_Search
delta solar power generator,CNY,50.0,0%,∞,高,100.0,,,,,,,,,,,,,,,,,,,,General_Search
difeisi p500,CNY,50.0,0%,0%,低,0.0,,,,,,,,,,,,,,,,,,,,General_Search
difeisi p500 portable power station,CNY,50.0,0%,0%,低,0.0,,,,,,,,,,,,,,,,,,,,General_Search
diy portable battery generator,CNY,50.0,0%,0%,低,0.0,,,,,,,,,,,,,,,,,,,,General_Search
diy portable power station for camping,CNY,50.0,0%,0%,高,98.0,,,,,,,,,,,,,,,,,,,,Scenario_PainPoint
diy portable solar,CNY,50.0,0%,0%,高,94.0,,,,,,,,,,,,,,,,,,,,General_Search
diy portable solar power,CNY,50.0,0%,0%,高,94.0,,,,,,,,,,,,,,,,,,,,General_Search
delta eco flow generator,CNY,50.0,0%,0%,高,96.0,,,,,,,,,,,,,,,,,,,,General_Search
diy portable solar power generator,CNY,50.0,0%,0%,高,68.0,,,,,,,,,,,,,,,,,,,,General_Search
diy portable solar power system,CNY,50.0,0%,0%,低,29.0,,,,,,,,,,,,,,,,,,,,General_Search
diy portable solar system,CNY,50.0,0%,0%,高,84.0,,,,,,,,,,,,,,,,,,,,General_Search
diy solar generator for camping,CNY,50.0,0%,0%,高,100.0,,,,,,,,,,,,,,,,,,,,Scenario_PainPoint
diy solar portable generator,CNY,50.0,∞,0%,高,79.0,,,,,,,,,,,,,,,,,,,,General_Search
jackery solar generator home depot,CNY,50.0,0%,0%,高,100.0,3.61,13.72,,,,,,,,,,,,,,,,,,Scenario_PainPoint
delta portable solar generator,CNY,50.0,0%,0%,未知,,,,,,,,,,,,,,,,,,,,,General_Search
delta 1300 generator,CNY,50.0,0%,0%,高,93.0,,,,,,,,,,,,,,,,,,,,General_Search
chafon portable generator,CNY,50.0,0%,0%,低,30.0,,,,,,,,,,,,,,,,,,,,General_Search
coofly s1000,CNY,50.0,∞,0%,低,0.0,,,,,,,,,,,,,,,,,,,,General_Search
chafon solar generator,CNY,50.0,∞,0%,高,100.0,,,,,,,,,,,,,,,,,,,,General_Search
charge ecoflow with gas generator,CNY,50.0,0%,0%,低,0.0,,,,,,,,,,,,,,,,,,,,Brand_Specific
charge tesla with jackery,CNY,50.0,0%,0%,低,2.0,,,,,,,,,,,,,,,,,,,,Brand_Specific
charging jackery 1000,CNY,50.0,0%,0%,中,34.0,,,,,,,,,,,,,,,,,,,,Brand_Specific
city prepper solar generator,CNY,50.0,0%,0%,中,64.0,,,,,,,,,,,,,,,,,,,,General_Search
connect solar panel to portable power station,CNY,50.0,0%,0%,高,95.0,,,,,,,,,,,,,,,,,,,,General_Search
costco solar power bank,CNY,50.0,0%,0%,高,100.0,3.64,15.99,,,,,,,,,,,,,,,,,,General_Search
dc solar mobile generator,CNY,50.0,0%,0%,低,0.0,,,,,,,,,,,,,,,,,,,,General_Search
ctechi 1200w,CNY,50.0,-100%,0%,未知,,,,,,,,,,,,,,,,,,,,,Spec_Wattage
ctechi mobile powerstation battery generator,CNY,50.0,0%,0%,未知,,,,,,,,,,,,,,,,,,,,,General_Search
ctechi portable power station 1200w,CNY,50.0,0%,0%,未知,,,,,,,,,,,,,,,,,,,,,Spec_Wattage
ctechi portable power station 200w,CNY,50.0,0%,0%,未知,,,,,,,,,,,,,,,,,,,,,Spec_Wattage
ctechi portable power station 240wh,CNY,50.0,0%,-100%,未知,,,,,,,,,,,,,,,,,,,,,Spec_Wattage
ctechi solar generator,CNY,50.0,∞,∞,高,100.0,,,,,,,,,,,,,,,,,,,,General_Search
bigblue 250wh portable power station,CNY,50.0,0%,-100%,未知,,,,,,,,,,,,,,,,,,,,,Spec_Wattage
bibene lifepo4 614wh,CNY,50.0,0%,-100%,未知,,,,,,,,,,,,,,,,,,,,,Spec_Wattage
aimtom sps 500,CNY,50.0,0%,-100%,未知,,,,,,,,,,,,,,,,,,,,,General_Search
bibene generator,CNY,50.0,0%,0%,未知,,,,,,,,,,,,,,,,,,,,,General_Search
anker 521 portable power station 256wh solar generator,CNY,50.0,0%,0%,未知,,,,,,,,,,,,,,,,,,,,,Brand_Specific
anker powerhouse 200 solar panel,CNY,50.0,∞,0%,高,100.0,,,,,,,,,,,,,,,,,,,,Brand_Specific
anker powerhouse 400 solar panel,CNY,50.0,0%,-100%,未知,,,,,,,,,,,,,,,,,,,,,Brand_Specific
apex portable solar power station,CNY,50.0,-100%,-100%,未知,,,,,,,,,,,,,,,,,,,,,General_Search
audew 300wh lifepo4,CNY,50.0,0%,0%,未知,,,,,,,,,,,,,,,,,,,,,Spec_Wattage
audew 60000 portable solar generator,CNY,50.0,0%,0%,中,43.0,,,,,,,,,,,,,,,,,,,,General_Search
audew portable solar generator,CNY,50.0,∞,0%,低,0.0,,,,,,,,,,,,,,,,,,,,General_Search
audew power station,CNY,50.0,0%,0%,低,0.0,,,,,,,,,,,,,,,,,,,,General_Search
audew solar generator,CNY,50.0,∞,0%,高,100.0,,,,,,,,,,,,,,,,,,,,General_Search
aullsumy portable power station,CNY,50.0,0%,0%,未知,,,,,,,,,,,,,,,,,,,,,General_Search
b07fh85fw9,CNY,50.0,0%,0%,未知,,,,,,,,,,,,,,,,,,,,,General_Search
backpacking power generator,CNY,50.0,0%,0%,高,100.0,,,,,,,,,,,,,,,,,,,,General_Search
baldr 330,CNY,50.0,0%,0%,高,100.0,,,,,,,,,,,,,,,,,,,,General_Search
baldr 330w portable power station,CNY,50.0,0%,0%,高,99.0,,,,,,,,,,,,,,,,,,,,Spec_Wattage
baldr generator,CNY,50.0,0%,0%,中,33.0,,,,,,,,,,,,,,,,,,,,General_Search
allwei 300w power generator,CNY,50.0,0%,0%,低,14.0,,,,,,,,,,,,,,,,,,,,Spec_Wattage
allpowers portable solar panel 100w,CNY,50.0,∞,∞,高,100.0,,,,,,,,,,,,,,,,,,,,Spec_Wattage
allpowers portable solar generator,CNY,50.0,0%,0%,中,50.0,,,,,,,,,,,,,,,,,,,,General_Search
allpowers 372,CNY,50.0,0%,0%,未知,,,,,,,,,,,,,,,,,,,,,General_Search
aiper 150w portable power station,CNY,50.0,0%,0%,高,79.0,,,,,,,,,,,,,,,,,,,,Spec_Wattage
alfuheim 1000w 300000 mah portable solar power station generator,CNY,50.0,-100%,0%,未知,,,,,,,,,,,,,,,,,,,,,Spec_Wattage
aligoo power station,CNY,50.0,∞,0%,高,100.0,,,,,,,,,,,,,,,,,,,,General_Search
allpowers 120w foldable solar panel,CNY,50.0,0%,0%,未知,,,,,,,,,,,,,,,,,,,,,Spec_Wattage
allpowers 2000w power station,CNY,50.0,-100%,0%,未知,,,,,,,,,,,,,,,,,,,,,Spec_Wattage
allpowers 200w 154wh portable power bank,CNY,50.0,0%,0%,未知,,,,,,,,,,,,,,,,,,,,,Spec_Wattage
allpowers 500w,CNY,50.0,0%,-100%,未知,,,,,,,,,,,,,,,,,,,,,Spec_Wattage
allpowers portable power station monster x pro,CNY,50.0,0%,0%,未知,,,,,,,,,,,,,,,,,,,,,General_Search
allpowers 500w portable power station,CNY,50.0,-100%,0%,未知,,,,,,,,,,,,,,,,,,,,,Spec_Wattage
allpowers mini portable power station,CNY,50.0,-100%,0%,未知,,,,,,,,,,,,,,,,,,,,,General_Search
allpowers monster pro 4800,CNY,50.0,0%,0%,未知,,,,,,,,,,,,,,,,,,,,,General_Search
allpowers portable,CNY,50.0,-100%,0%,未知,,,,,,,,,,,,,,,,,,,,,General_Search
allpowers portable power station 200w,CNY,50.0,∞,0%,低,0.0,,,,,,,,,,,,,,,,,,,,Spec_Wattage
allpowers portable power station 288wh,CNY,50.0,0%,∞,高,100.0,,,,,,,,,,,,,,,,,,,,Spec_Wattage
baldr solar,CNY,50.0,-100%,-100%,未知,,,,,,,,,,,,,,,,,,,,,General_Search
baldr solar generator 330w,CNY,50.0,∞,0%,高,100.0,,,,,,,,,,,,,,,,,,,,Spec_Wattage
baldr330,CNY,50.0,0%,0%,高,100.0,,,,,,,,,,,,,,,,,,,,General_Search
best solar generator 2020,CNY,50.0,0%,0%,低,27.0,,,,,,,,,,,,,,,,,,,,General_Search
best generator for solar system,CNY,50.0,∞,0%,高,100.0,,,,,,,,,,,,,,,,,,,,General_Search
best lithium solar generator,CNY,50.0,-100%,-100%,未知,,,,,,,,,,,,,,,,,,,,,General_Search
best portable lithium generator,CNY,50.0,-100%,-100%,未知,,,,,,,,,,,,,,,,,,,,,General_Search
best portable solar generator 2019,CNY,50.0,0%,0%,高,79.0,,,,,,,,,,,,,,,,,,,,General_Search
best portable solar generator 2020,CNY,50.0,0%,-100%,未知,,,,,,,,,,,,,,,,,,,,,General_Search
best rated solar powered generators,CNY,50.0,0%,0%,高,100.0,3.27,25.74,,,,,,,,,,,,,,,,,,General_Search
best solar generator for off grid living 2021,CNY,50.0,0%,0%,未知,,,,,,,,,,,,,,,,,,,,,Scenario_PainPoint
best generator for charging solar batteries,CNY,50.0,0%,0%,高,100.0,,,,,,,,,,,,,,,,,,,,General_Search
best solar generator system,CNY,50.0,0%,0%,高,88.0,2.9,17.46,,,,,,,,,,,,,,,,,,General_Search
bibene 500 watt solar generator,CNY,50.0,0%,0%,未知,,,,,,,,,,,,,,,,,,,,,Spec_Wattage
bibene 500w,CNY,50.0,0%,0%,未知,,,,,,,,,,,,,,,,,,,,,Spec_Wattage
bibene 500w portable power station,CNY,50.0,∞,∞,中,50.0,,,,,,,,,,,,,,,,,,,,Spec_Wattage
bibene 500w portable power station cn505,CNY,50.0,0%,0%,未知,,,,,,,,,,,,,,,,,,,,,Spec_Wattage
bibene 614wh,CNY,50.0,-100%,0%,未知,,,,,,,,,,,,,,,,,,,,,Spec_Wattage
best generator for off grid,CNY,50.0,900%,0%,高,100.0,3.56,35.14,,,,,,,,,,,,,,,,,,Scenario_PainPoint
best emergency solar power,CNY,50.0,∞,0%,高,100.0,3.87,13.97,,,,,,,,,,,,,,,,,,Scenario_PainPoint
battery generator for home use,CNY,50.0,0%,0%,高,100.0,,,,,,,,,,,,,,,,,,,,Scenario_PainPoint
beaudens portable power station 166wh,CNY,50.0,∞,∞,低,0.0,,,,,,,,,,,,,,,,,,,,Spec_Wattage
battery powered generator solar,CNY,50.0,0%,0%,高,100.0,4.09,7.54,,,,,,,,,,,,,,,,,,General_Search
beaudens 166wh portable power station,CNY,50.0,∞,∞,低,0.0,,,,,,,,,,,,,,,,,,,,Spec_Wattage
beaudens battery,CNY,50.0,-100%,0%,未知,,,,,,,,,,,,,,,,,,,,,General_Search
beaudens generator,CNY,50.0,0%,0%,未知,,,,,,,,,,,,,,,,,,,,,General_Search
beaudens portable power,CNY,50.0,0%,0%,未知,,,,,,,,,,,,,,,,,,,,,General_Search
beaudens portable power generator,CNY,50.0,0%,0%,中,63.0,,,,,,,,,,,,,,,,,,,,General_Search
beaudens portable power station 166wh 52000mah,CNY,50.0,0%,0%,未知,,,,,,,,,,,,,,,,,,,,,Spec_Wattage
best diy solar generator,CNY,50.0,0%,0%,高,100.0,,,,,,,,,,,,,,,,,,,,General_Search
beaudens powerstation 166wh,CNY,50.0,0%,0%,未知,,,,,,,,,,,,,,,,,,,,,Spec_Wattage
beaudens solar,CNY,50.0,0%,0%,未知,,,,,,,,,,,,,,,,,,,,,General_Search
beaudens solar generator,CNY,50.0,-100%,0%,未知,,,,,,,,,,,,,,,,,,,,,General_Search
best 500w solar generator,CNY,50.0,0%,0%,低,0.0,,,,,,,,,,,,,,,,,,,,Spec_Wattage
best battery for portable solar generator,CNY,50.0,∞,0%,高,100.0,,,,,,,,,,,,,,,,,,,,General_Search
best bluetti generator,CNY,50.0,0%,0%,高,86.0,,,,,,,,,,,,,,,,,,,,Brand_Specific
solar generator ecoflow delta,CNY,50.0,0%,-100%,未知,,,,,,,,,,,,,,,,,,,,,Brand_Specific
wattfun 300,CNY,50.0,0%,0%,中,43.0,,,,,,,,,,,,,,,,,,,,General_Search
jackery 1000 solar generator with solar panel,CNY,50.0,0%,0%,未知,,,,,,,,,,,,,,,,,,,,,Brand_Specific
ef delta solar generator,CNY,50.0,0%,0%,中,50.0,,,,,,,,,,,,,,,,,,,,General_Search
kyng power solar generator,CNY,50.0,0%,0%,中,50.0,,,,,,,,,,,,,,,,,,,,General_Search
jackery 1002wh,CNY,50.0,0%,0%,高,100.0,,,,,,,,,,,,,,,,,,,,Brand_Specific
portable 70200mah 100w solar generator power station battery backup,CNY,50.0,0%,0%,未知,,,,,,,,,,,,,,,,,,,,,Spec_Wattage
jackery windmill,CNY,50.0,0%,0%,高,100.0,,,,,,,,,,,,,,,,,,,,Brand_Specific
renogy phoenix generator,CNY,50.0,0%,0%,高,86.0,,,,,,,,,,,,,,,,,,,,General_Search
ebay bluetti eb3a,CNY,50.0,-100%,-100%,未知,,,,,,,,,,,,,,,,,,,,,Brand_Specific
jackery 400 solar generator,CNY,50.0,0%,0%,未知,,,,,,,,,,,,,,,,,,,,,Brand_Specific
nature power 500 watt pure sine solar lithium generator,CNY,50.0,-100%,0%,未知,,,,,,,,,,,,,,,,,,,,,Spec_Wattage
bluetti alternatives,CNY,50.0,0%,0%,高,100.0,3.22,14.22,,,,,,,,,,,,,,,,,,Brand_Specific
powerness portable power station,CNY,50.0,0%,0%,高,84.0,3.27,16.4,,,,,,,,,,,,,,,,,,General_Search
mini solar power station,CNY,50.0,0%,0%,高,100.0,,,,,,,,,,,,,,,,,,,,General_Search
explorer 1500 jackery,CNY,50.0,0%,0%,高,100.0,2.55,7.04,,,,,,,,,,,,,,,,,,Brand_Specific
portable solar atmospheric water generator,CNY,50.0,0%,0%,低,7.0,,,,,,,,,,,,,,,,,,,,General_Search
bluetti maxoak eb150,CNY,50.0,0%,0%,高,100.0,,,,,,,,,,,,,,,,,,,,Brand_Specific
trene portable power station,CNY,50.0,-100%,-100%,未知,,,,,,,,,,,,,,,,,,,,,General_Search
jackery 500 watt generator,CNY,50.0,0%,0%,高,100.0,2.08,4.86,,,,,,,,,,,,,,,,,,Brand_Specific
jackery power station 160,CNY,50.0,0%,0%,高,83.0,,,,,,,,,,,,,,,,,,,,Brand_Specific
flash fish solar generator,CNY,50.0,0%,0%,高,100.0,1.08,3.84,,,,,,,,,,,,,,,,,,General_Search
1100wh portable power station,CNY,50.0,∞,0%,中,50.0,,,,,,,,,,,,,,,,,,,,Spec_Wattage
portable solar panels and generator,CNY,50.0,0%,0%,高,100.0,3.02,26.94,,,,,,,,,,,,,,,,,,General_Search
small solar power station,CNY,50.0,0%,0%,高,100.0,2.34,5.6,,,,,,,,,,,,,,,,,,General_Search
duracell 1440 gasless generator,CNY,50.0,0%,∞,高,100.0,,,,,,,,,,,,,,,,,,,,General_Search
jackery portable power station power outdoors,CNY,50.0,0%,0%,高,100.0,2.64,12.49,,,,,,,,,,,,,,,,,,Brand_Specific
titan portable solar generator,CNY,50.0,0%,-100%,未知,,,,,,,,,,,,,,,,,,,,,General_Search
pecron p600 portable power station,CNY,50.0,∞,0%,高,100.0,,,,,,,,,,,,,,,,,,,,Brand_Specific
bluetti ac505,CNY,50.0,0%,0%,高,75.0,,,,,,,,,,,,,,,,,,,,Brand_Specific
explorer 290 jackery,CNY,50.0,0%,0%,高,100.0,1.57,6.26,,,,,,,,,,,,,,,,,,Brand_Specific
portable emergency solar power system,CNY,50.0,0%,0%,高,100.0,,,,,,,,,,,,,,,,,,,,Scenario_PainPoint
rockpals 350w portable power station,CNY,50.0,0%,0%,低,21.0,,,,,,,,,,,,,,,,,,,,Spec_Wattage
rockpals 250,CNY,50.0,0%,0%,高,93.0,,,,,,,,,,,,,,,,,,,,General_Search
best portable lithium battery generator,CNY,50.0,-100%,-100%,未知,,,,,,,,,,,,,,,,,,,,,General_Search
aligoo portable power station,CNY,50.0,0%,0%,高,100.0,,,,,,,,,,,,,,,,,,,,General_Search
bluetti solar charging,CNY,50.0,0%,0%,高,100.0,,,,,,,,,,,,,,,,,,,,Brand_Specific
aimtom 540wh portable power station,CNY,50.0,0%,0%,高,100.0,,,,,,,,,,,,,,,,,,,,Spec_Wattage
bluetti portable power station eb70s 800w,CNY,50.0,0%,-100%,未知,,,,,,,,,,,,,,,,,,,,,Brand_Specific
bluetti powerstation ac200p 2000wh lifepo4,CNY,50.0,-100%,0%,未知,,,,,,,,,,,,,,,,,,,,,Brand_Specific
best camping generator solar,CNY,50.0,0%,0%,高,100.0,3.16,13.87,,,,,,,,,,,,,,,,,,Scenario_PainPoint
togo power generator 1000w,CNY,50.0,0%,0%,高,92.0,,,,,,,,,,,,,,,,,,,,Spec_Wattage
bluetti gas generator,CNY,50.0,0%,0%,高,100.0,,,,,,,,,,,,,,,,,,,,Brand_Specific
ecoflow river mini power station,CNY,50.0,0%,0%,高,77.0,,,,,,,,,,,,,,,,,,,,Brand_Specific
goal zero yeti lithium,CNY,50.0,0%,0%,高,79.0,,,,,,,,,,,,,,,,,,,,Brand_Specific
oukitel solar power station,CNY,50.0,0%,0%,高,100.0,,,,,,,,,,,,,,,,,,,,General_Search
nature's generator 1800w solar powered generator,CNY,50.0,∞,∞,中,50.0,,,,,,,,,,,,,,,,,,,,Spec_Wattage
goal zero yeti 3000 cost,CNY,50.0,0%,0%,未知,,,,,,,,,,,,,,,,,,,,,Brand_Specific
renogy phoenix 200 power station,CNY,50.0,0%,∞,高,83.0,,,,,,,,,,,,,,,,,,,,General_Search
bluetti ac200p eco mode,CNY,50.0,∞,0%,低,0.0,,,,,,,,,,,,,,,,,,,,Brand_Specific
ideaplay sn2200 portable power station,CNY,50.0,0%,0%,高,100.0,,,,,,,,,,,,,,,,,,,,General_Search
solar honda generator,CNY,50.0,0%,0%,高,100.0,,,,,,,,,,,,,,,,,,,,General_Search
10000 watt portable solar generator,CNY,50.0,0%,0%,高,100.0,,,,,,,,,,,,,,,,,,,,Spec_Wattage
portable solar generator 3000w,CNY,50.0,0%,0%,高,88.0,1.42,14.27,,,,,,,,,,,,,,,,,,Spec_Wattage
yeti 3000 x solar generator,CNY,50.0,∞,0%,高,100.0,,,,,,,,,,,,,,,,,,,,General_Search
bluetti ac200p 2000wh solar generator,CNY,50.0,0%,-100%,未知,,,,,,,,,,,,,,,,,,,,,Brand_Specific
powkey powerstation,CNY,50.0,0%,0%,高,97.0,1.94,9.84,,,,,,,,,,,,,,,,,,General_Search
portable power station 100w,CNY,50.0,0%,0%,高,94.0,2.18,5.65,,,,,,,,,,,,,,,,,,Spec_Wattage
solar charged power generator,CNY,50.0,0%,0%,高,100.0,,,,,,,,,,,,,,,,,,,,General_Search
suaoki portable solar generator,CNY,50.0,0%,0%,低,16.0,,,,,,,,,,,,,,,,,,,,General_Search
marbero portable power station m82,CNY,50.0,0%,0%,高,75.0,,,,,,,,,,,,,,,,,,,,General_Search
lowes portable solar generator,CNY,50.0,0%,0%,高,100.0,1.52,3.88,,,,,,,,,,,,,,,,,,General_Search
webetop portable generator,CNY,50.0,0%,0%,高,97.0,,,,,,,,,,,,,,,,,,,,General_Search
jackery portable power station harbor freight,CNY,50.0,0%,0%,高,100.0,,,,,,,,,,,,,,,,,,,,Brand_Specific
eco flow battery generator,CNY,50.0,0%,900%,高,100.0,2.37,13.67,,,,,,,,,,,,,,,,,,General_Search
best power station solar,CNY,50.0,0%,0%,高,86.0,3.96,26.44,,,,,,,,,,,,,,,,,,General_Search
solar generator for home appliances,CNY,50.0,0%,0%,高,98.0,,,,,,,,,,,,,,,,,,,,Scenario_PainPoint
silent solar powered generator,CNY,50.0,0%,0%,高,100.0,2.01,10.72,,,,,,,,,,,,,,,,,,General_Search
1000 watt solar power station,CNY,50.0,0%,0%,高,100.0,2.09,7.49,,,,,,,,,,,,,,,,,,Spec_Wattage
jackery explorer 500 for sale,CNY,50.0,0%,0%,高,96.0,2.38,7.08,,,,,,,,,,,,,,,,,,Brand_Specific
sungzu 1000,CNY,50.0,0%,-100%,未知,,,,,,,,,,,,,,,,,,,,,General_Search
yeti 3000 lithium solar generator,CNY,50.0,0%,-100%,未知,,,,,,,,,,,,,,,,,,,,,General_Search
rockpals portable power station 300w,CNY,50.0,0%,0%,高,78.0,,,,,,,,,,,,,,,,,,,,Spec_Wattage
maxoak eb150,CNY,50.0,∞,0%,高,97.0,,,,,,,,,,,,,,,,,,,,General_Search
ebl 1000 solar generator,CNY,50.0,-100%,0%,未知,,,,,,,,,,,,,,,,,,,,,General_Search
rockpal 500,CNY,50.0,0%,-100%,未知,,,,,,,,,,,,,,,,,,,,,General_Search
solar generator 200w,CNY,50.0,0%,0%,高,86.0,,,,,,,,,,,,,,,,,,,,Spec_Wattage
solar rechargeable power station,CNY,50.0,0%,0%,高,100.0,2.78,7.23,,,,,,,,,,,,,,,,,,General_Search
black friday solar generators,CNY,50.0,∞,∞,高,100.0,,,,,,,,,,,,,,,,,,,,General_Search
portable power station 2000 watts,CNY,50.0,0%,0%,高,100.0,2.65,9.49,,,,,,,,,,,,,,,,,,Spec_Wattage
bluetti eb240 2400wh 1000w portable power station,CNY,50.0,0%,0%,低,0.0,,,,,,,,,,,,,,,,,,,,Brand_Specific
gas generators for home use,CNY,50.0,0%,0%,高,100.0,2.22,27.74,,,,,,,,,,,,,,,,,,Scenario_PainPoint
home made solar generator,CNY,50.0,0%,0%,高,100.0,,,,,,,,,,,,,,,,,,,,Scenario_PainPoint
portable solar power source,CNY,50.0,0%,-90%,高,90.0,3.27,6.62,,,,,,,,,,,,,,,,,,General_Search
ecoflow hybrid generator,CNY,50.0,0%,0%,高,100.0,6.8,14.97,,,,,,,,,,,,,,,,,,Brand_Specific
yeti solar panel generator,CNY,50.0,0%,0%,未知,,,,,,,,,,,,,,,,,,,,,General_Search
duracell generator 1440 watt,CNY,50.0,0%,0%,中,49.0,,,,,,,,,,,,,,,,,,,,Spec_Wattage
bluetti ev70,CNY,50.0,0%,0%,高,100.0,,,,,,,,,,,,,,,,,,,,Brand_Specific
3kw portable solar generator,CNY,50.0,∞,0%,高,100.0,,,,,,,,,,,,,,,,,,,,General_Search
steelite portable power station,CNY,50.0,0%,0%,高,94.0,2.67,7.14,,,,,,,,,,,,,,,,,,General_Search
portable solar camping generator,CNY,50.0,0%,0%,高,100.0,1.75,8.96,,,,,,,,,,,,,,,,,,Scenario_PainPoint
1000w portable solar generator,CNY,50.0,0%,0%,高,69.0,,,,,,,,,,,,,,,,,,,,Spec_Wattage
bluetti portable power station ac50s,CNY,50.0,∞,0%,高,100.0,,,,,,,,,,,,,,,,,,,,Brand_Specific
1kw inverter generator,CNY,50.0,0%,0%,高,100.0,,,,,,,,,,,,,,,,,,,,General_Search
solar battery backup portable,CNY,50.0,0%,0%,高,100.0,2.74,11.48,,,,,,,,,,,,,,,,,,General_Search
2000w battery powered generator,CNY,50.0,0%,0%,高,100.0,,,,,,,,,,,,,,,,,,,,Spec_Wattage
solar yeti generator,CNY,50.0,0%,0%,高,100.0,,,,,,,,,,,,,,,,,,,,General_Search
goal zero yeti 150 battery,CNY,50.0,0%,0%,高,82.0,,,,,,,,,,,,,,,,,,,,Brand_Specific
3000w portable solar generator,CNY,50.0,0%,0%,高,100.0,,,,,,,,,,,,,,,,,,,,Spec_Wattage
ecoflow delta mobile power station,CNY,50.0,0%,0%,未知,,,,,,,,,,,,,,,,,,,,,Brand_Specific
bluerise portable power station,CNY,50.0,0%,0%,高,93.0,,,,,,,,,,,,,,,,,,,,General_Search
solarsaga 60w,CNY,50.0,0%,0%,高,100.0,,,,,,,,,,,,,,,,,,,,Spec_Wattage
portable emergency backup solar power generator,CNY,50.0,0%,0%,未知,,,,,,,,,,,,,,,,,,,,,Scenario_PainPoint
best solar generator for fridge,CNY,50.0,0%,0%,高,100.0,3.73,23.3,,,,,,,,,,,,,,,,,,Scenario_PainPoint
bluetti eb3a overload,CNY,50.0,0%,0%,低,0.0,,,,,,,,,,,,,,,,,,,,Brand_Specific
allpowers 2000w solar generator,CNY,50.0,0%,-100%,未知,,,,,,,,,,,,,,,,,,,,,Spec_Wattage
jackery as ups,CNY,50.0,0%,0%,高,71.0,3.31,20.01,,,,,,,,,,,,,,,,,,Brand_Specific
grecell power station t300,CNY,50.0,0%,0%,高,100.0,1.14,3.56,,,,,,,,,,,,,,,,,,General_Search
ef ecoflow portable power station river,CNY,50.0,0%,0%,高,100.0,,,,,,,,,,,,,,,,,,,,Brand_Specific
ecoflow 4000 watts,CNY,50.0,0%,0%,高,78.0,,,,,,,,,,,,,,,,,,,,Brand_Specific
jackery portable power station solar panels,CNY,50.0,0%,0%,高,95.0,,,,,,,,,,,,,,,,,,,,Brand_Specific
best solar generator for camping 2022,CNY,50.0,0%,0%,未知,,,,,,,,,,,,,,,,,,,,,Scenario_PainPoint
pecron solar,CNY,50.0,0%,900%,高,100.0,2.64,7.17,,,,,,,,,,,,,,,,,,Brand_Specific
golabs r150 portable power station,CNY,50.0,0%,0%,中,48.0,,,,,,,,,,,,,,,,,,,,General_Search
rockpals 600w portable power station,CNY,50.0,0%,0%,高,78.0,,,,,,,,,,,,,,,,,,,,Spec_Wattage
best generator for off grid cabin,CNY,50.0,0%,0%,高,100.0,1.43,18.82,,,,,,,,,,,,,,,,,,Scenario_PainPoint
renogy phoenix 300 power station,CNY,50.0,0%,0%,中,66.0,,,,,,,,,,,,,,,,,,,,General_Search
sungzu portable power station,CNY,50.0,0%,∞,高,81.0,,,,,,,,,,,,,,,,,,,,General_Search
bluetti ps70 portable power station,CNY,50.0,0%,0%,高,100.0,,,,,,,,,,,,,,,,,,,,Brand_Specific
outdoor battery generator,CNY,50.0,0%,0%,高,96.0,3.39,7.98,,,,,,,,,,,,,,,,,,General_Search
ecoflow delta 1300 for sale,CNY,50.0,∞,0%,高,100.0,,,,,,,,,,,,,,,,,,,,Brand_Specific
bluetti portable power station eb200p,CNY,50.0,-100%,0%,未知,,,,,,,,,,,,,,,,,,,,,Brand_Specific
ctechi portable power station 2000w,CNY,50.0,0%,0%,高,67.0,,,,,,,,,,,,,,,,,,,,Spec_Wattage
powerstation 2400wh,CNY,50.0,-100%,0%,未知,,,,,,,,,,,,,,,,,,,,,Spec_Wattage
solar generator mini,CNY,50.0,0%,0%,高,100.0,1.74,4.47,,,,,,,,,,,,,,,,,,General_Search
best solar panels for power station,CNY,50.0,0%,0%,高,100.0,1.71,8.47,,,,,,,,,,,,,,,,,,General_Search
blackfire solar generator,CNY,50.0,-100%,-100%,未知,,,,,,,,,,,,,,,,,,,,,General_Search
patriot power generator amazon,CNY,50.0,∞,0%,高,100.0,,,,,,,,,,,,,,,,,,,,General_Search
wattfun solar generator,CNY,50.0,∞,0%,高,100.0,,,,,,,,,,,,,,,,,,,,General_Search
solar generator 12000 watt,CNY,50.0,0%,0%,高,92.0,0.83,9.47,,,,,,,,,,,,,,,,,,Spec_Wattage
jackery portable power station 1000w,CNY,50.0,0%,0%,高,100.0,,,,,,,,,,,,,,,,,,,,Brand_Specific
sun joe portable power generator station,CNY,50.0,0%,-100%,未知,,,,,,,,,,,,,,,,,,,,,General_Search
solar generator best buy,CNY,50.0,0%,0%,高,100.0,1.4,15.51,,,,,,,,,,,,,,,,,,General_Search
high wattage solar generator,CNY,50.0,0%,0%,高,100.0,2.35,5.23,,,,,,,,,,,,,,,,,,General_Search
bluetti portable power station eb150,CNY,50.0,0%,-100%,未知,,,,,,,,,,,,,,,,,,,,,Brand_Specific
rocksolar weekender,CNY,50.0,0%,0%,高,86.0,,,,,,,,,,,,,,,,,,,,General_Search
rockpal generator,CNY,50.0,0%,-100%,未知,,,,,,,,,,,,,,,,,,,,,General_Search
charging jackery with solar,CNY,50.0,0%,0%,高,100.0,,,,,,,,,,,,,,,,,,,,Brand_Specific
solar generator power bank,CNY,50.0,900%,900%,高,100.0,2.73,10.69,,,,,,,,,,,,,,,,,,General_Search
big blue portable power station,CNY,50.0,0%,0%,高,100.0,0.41,3.55,,,,,,,,,,,,,,,,,,General_Search
diy portable solar power station,CNY,50.0,0%,0%,中,61.0,,,,,,,,,,,,,,,,,,,,General_Search
igen160s,CNY,50.0,0%,0%,高,100.0,,,,,,,,,,,,,,,,,,,,General_Search
bluetti ac50s price,CNY,50.0,0%,0%,高,100.0,,,,,,,,,,,,,,,,,,,,Brand_Specific
cheap portable solar generator,CNY,50.0,0%,0%,高,100.0,,,,,,,,,,,,,,,,,,,,General_Search
best portable solar panel generator,CNY,50.0,0%,0%,高,100.0,,,,,,,,,,,,,,,,,,,,General_Search
jackery solar generator 160,CNY,50.0,0%,-100%,未知,,,,,,,,,,,,,,,,,,,,,Brand_Specific
weather proof solar generator,CNY,50.0,0%,0%,高,100.0,2.62,18.14,,,,,,,,,,,,,,,,,,General_Search
portable power bank generator,CNY,50.0,0%,0%,高,100.0,3.02,7.95,,,,,,,,,,,,,,,,,,General_Search
500 watt battery generator,CNY,50.0,0%,0%,高,100.0,,,,,,,,,,,,,,,,,,,,Spec_Wattage
igen160s portable power station,CNY,50.0,0%,0%,高,100.0,1.81,7.36,,,,,,,,,,,,,,,,,,General_Search
bluetti eb3a solar charging,CNY,50.0,0%,0%,中,40.0,,,,,,,,,,,,,,,,,,,,Brand_Specific
bawaut portable power station,CNY,50.0,0%,0%,高,100.0,,,,,,,,,,,,,,,,,,,,General_Search
energizer portable power station solar panel,CNY,50.0,-100%,-100%,未知,,,,,,,,,,,,,,,,,,,,,General_Search
portable goal zero generator,CNY,50.0,0%,-100%,未知,,,,,,,,,,,,,,,,,,,,,Brand_Specific
bluetti eb240 portable power station 2400wh,CNY,50.0,-100%,-100%,未知,,,,,,,,,,,,,,,,,,,,,Brand_Specific
flashfish 200w portable power station,CNY,50.0,0%,0%,中,50.0,,,,,,,,,,,,,,,,,,,,Spec_Wattage
price of patriot power generator,CNY,50.0,0%,0%,高,86.0,,,,,,,,,,,,,,,,,,,,General_Search
jackery explorer 300 for sale,CNY,50.0,0%,0%,高,100.0,3.49,8.48,,,,,,,,,,,,,,,,,,Brand_Specific
okpro portable power station,CNY,50.0,0%,0%,高,94.0,,,,,,,,,,,,,,,,,,,,General_Search
rugged solar generator,CNY,50.0,0%,0%,高,71.0,,,,,,,,,,,,,,,,,,,,General_Search
bluetti eb150 solar generator,CNY,50.0,0%,0%,高,100.0,,,,,,,,,,,,,,,,,,,,Brand_Specific
used jackery 1000 for sale,CNY,50.0,0%,0%,高,100.0,,,,,,,,,,,,,,,,,,,,Brand_Specific
jackery portable power station costco,CNY,50.0,0%,0%,高,100.0,3.78,6.18,,,,,,,,,,,,,,,,,,Brand_Specific
portable solar generator with lithium battery,CNY,50.0,0%,0%,高,100.0,,,,,,,,,,,,,,,,,,,,General_Search
ecoflow wind generator,CNY,50.0,0%,0%,高,75.0,,,,,,,,,,,,,,,,,,,,Brand_Specific
jackery explorer 1500 price,CNY,50.0,0%,0%,高,100.0,2.13,6.61,,,,,,,,,,,,,,,,,,Brand_Specific
flashfish g300,CNY,50.0,0%,0%,高,94.0,2.69,14.16,,,,,,,,,,,,,,,,,,General_Search
portable electric generator solar,CNY,50.0,0%,0%,高,100.0,3.54,10.4,,,,,,,,,,,,,,,,,,General_Search
the best portable power generator,CNY,50.0,0%,∞,高,100.0,,,,,,,,,,,,,,,,,,,,General_Search
baldr 330w,CNY,50.0,0%,0%,高,100.0,,,,,,,,,,,,,,,,,,,,Spec_Wattage
lithium backup generator,CNY,50.0,0%,0%,高,100.0,2.59,16.54,,,,,,,,,,,,,,,,,,General_Search
solar panels for battery powered generator,CNY,50.0,∞,0%,高,100.0,,,,,,,,,,,,,,,,,,,,General_Search
wattfun 500wh,CNY,50.0,∞,0%,高,75.0,,,,,,,,,,,,,,,,,,,,Spec_Wattage
200 watt jackery,CNY,50.0,0%,0%,高,94.0,2.26,4.39,,,,,,,,,,,,,,,,,,Brand_Specific
westinghouse igen200s portable power station,CNY,50.0,0%,0%,高,84.0,,,,,,,,,,,,,,,,,,,,General_Search
jackery 500 solarsaga 100w,CNY,50.0,0%,0%,未知,,,,,,,,,,,,,,,,,,,,,Brand_Specific
ecoflow tech river mobile power station,CNY,50.0,0%,0%,未知,,,,,,,,,,,,,,,,,,,,,Brand_Specific
prymax portable power station 300w,CNY,50.0,0%,0%,高,100.0,,,,,,,,,,,,,,,,,,,,Spec_Wattage
cost of patriot power generator,CNY,50.0,0%,0%,高,100.0,,,,,,,,,,,,,,,,,,,,General_Search
7500 watt solar powered generator,CNY,50.0,0%,0%,高,100.0,,,,,,,,,,,,,,,,,,,,Spec_Wattage
jackery explorer 2000 solar generator,CNY,50.0,0%,-90%,高,100.0,,,,,,,,,,,,,,,,,,,,Brand_Specific
duracell 1440 watt gasless generator,CNY,50.0,0%,0%,高,86.0,,,,,,,,,,,,,,,,,,,,Spec_Wattage
gensrock 120w portable power station,CNY,50.0,-100%,0%,未知,,,,,,,,,,,,,,,,,,,,,Spec_Wattage
solar generator inergy,CNY,50.0,-100%,0%,未知,,,,,,,,,,,,,,,,,,,,,General_Search
b07t48l6cf,CNY,50.0,0%,-100%,未知,,,,,,,,,,,,,,,,,,,,,General_Search
renogy phoenix 246.24 wh 150w portable generator,CNY,50.0,0%,-100%,未知,,,,,,,,,,,,,,,,,,,,,Spec_Wattage
bougerv 716 solar generator,CNY,50.0,-100%,0%,未知,,,,,,,,,,,,,,,,,,,,,Scenario_PainPoint
renogy lycan solar generator,CNY,50.0,∞,0%,高,100.0,,,,,,,,,,,,,,,,,,,,General_Search
irozce portable power station,CNY,50.0,∞,0%,高,100.0,,,,,,,,,,,,,,,,,,,,General_Search
electric battery generator portable,CNY,50.0,0%,0%,高,100.0,4.4,6.06,,,,,,,,,,,,,,,,,,General_Search
ecoflow inverter efficiency,CNY,50.0,0%,0%,高,81.0,,,,,,,,,,,,,,,,,,,,Brand_Specific
goal zero portable generator,CNY,50.0,0%,0%,高,100.0,,,,,,,,,,,,,,,,,,,,Brand_Specific
renogy phoenix portable generator,CNY,50.0,-100%,-100%,未知,,,,,,,,,,,,,,,,,,,,,General_Search
portable solar generators for sale near me,CNY,50.0,0%,0%,高,100.0,,,,,,,,,,,,,,,,,,,,General_Search
flashfish portable generator,CNY,50.0,0%,0%,高,100.0,0.67,5.22,,,,,,,,,,,,,,,,,,General_Search
wawui portable solar generator,CNY,50.0,0%,0%,高,79.0,,,,,,,,,,,,,,,,,,,,General_Search
enkeeo power station,CNY,50.0,0%,900%,高,72.0,,,,,,,,,,,,,,,,,,,,General_Search
bluetti portable power generator,CNY,50.0,∞,0%,高,71.0,,,,,,,,,,,,,,,,,,,,Brand_Specific
jackery explorer 1000w portable power station,CNY,50.0,0%,-100%,未知,,,,,,,,,,,,,,,,,,,,,Brand_Specific
paxcess solar generator,CNY,50.0,0%,0%,高,100.0,,,,,,,,,,,,,,,,,,,,General_Search
goal zero yeti lithium 500x portable power station,CNY,50.0,0%,0%,未知,,,,,,,,,,,,,,,,,,,,,Brand_Specific
best heavy duty solar generator,CNY,50.0,0%,0%,高,100.0,5.33,27.55,,,,,,,,,,,,,,,,,,General_Search
flash fish portable power station,CNY,50.0,0%,0%,高,100.0,1.04,3.45,,,,,,,,,,,,,,,,,,General_Search
portable solar power for renters,CNY,50.0,0%,0%,高,86.0,,,,,,,,,,,,,,,,,,,,General_Search
bluetti 2400wh solar generator amazon,CNY,50.0,∞,0%,高,100.0,,,,,,,,,,,,,,,,,,,,Brand_Specific
maxoak portable power station eb150,CNY,50.0,0%,-100%,未知,,,,,,,,,,,,,,,,,,,,,General_Search
goal zero yeti 150 battery upgrade,CNY,50.0,-100%,-100%,未知,,,,,,,,,,,,,,,,,,,,,Brand_Specific
amazon patriot power generator,CNY,50.0,-100%,-100%,未知,,,,,,,,,,,,,,,,,,,,,General_Search
allpowers 200w portable power station,CNY,50.0,0%,0%,高,100.0,,,,,,,,,,,,,,,,,,,,Spec_Wattage
bluetti van life,CNY,50.0,0%,0%,高,100.0,,,,,,,,,,,,,,,,,,,,Brand_Specific
prymax power station,CNY,50.0,0%,0%,高,88.0,,,,,,,,,,,,,,,,,,,,General_Search
bluetti eb240 2400wh,CNY,50.0,-100%,0%,未知,,,,,,,,,,,,,,,,,,,,,Brand_Specific
portable solar inverter with battery,CNY,50.0,0%,0%,高,100.0,,,,,,,,,,,,,,,,,,,,General_Search
jackery portable power station 160,CNY,50.0,0%,0%,高,80.0,,,,,,,,,,,,,,,,,,,,Brand_Specific
yeti 150 power station,CNY,50.0,0%,0%,高,95.0,,,,,,,,,,,,,,,,,,,,General_Search
bluetti ac200p solar,CNY,50.0,∞,0%,中,43.0,,,,,,,,,,,,,,,,,,,,Brand_Specific
kyng portable power station,CNY,50.0,0%,0%,高,90.0,2.56,10.72,,,,,,,,,,,,,,,,,,General_Search
portable solar generator 240v,CNY,50.0,0%,∞,高,100.0,,,,,,,,,,,,,,,,,,,,General_Search
hopwinn power station,CNY,50.0,-100%,-100%,未知,,,,,,,,,,,,,,,,,,,,,General_Search
soyond solar generator,CNY,50.0,-100%,0%,未知,,,,,,,,,,,,,,,,,,,,,General_Search
best solar panels for generator,CNY,50.0,0%,0%,高,100.0,,,,,,,,,,,,,,,,,,,,General_Search
flashfish generator,CNY,50.0,0%,0%,高,100.0,0.72,12.69,,,,,,,,,,,,,,,,,,General_Search
solar generator 1500,CNY,50.0,0%,0%,高,100.0,,,,,,,,,,,,,,,,,,,,General_Search
goal zero yeti 400 power supply,CNY,50.0,0%,-100%,未知,,,,,,,,,,,,,,,,,,,,,Brand_Specific
goal zero yeti 150 lithium upgrade,CNY,50.0,0%,0%,中,39.0,1.52,19.55,,,,,,,,,,,,,,,,,,Brand_Specific
portable solar and wind power generator,CNY,50.0,0%,0%,高,100.0,,,,,,,,,,,,,,,,,,,,General_Search
topshak solar generator,CNY,50.0,0%,∞,高,100.0,,,,,,,,,,,,,,,,,,,,General_Search
bluetti 500w solar inverter generator,CNY,50.0,0%,-100%,未知,,,,,,,,,,,,,,,,,,,,,Brand_Specific
portable mini solar generator,CNY,50.0,0%,0%,高,100.0,,,,,,,,,,,,,,,,,,,,General_Search
400w solar generator,CNY,50.0,0%,0%,高,100.0,,,,,,,,,,,,,,,,,,,,Spec_Wattage
ebl 1000w power station,CNY,50.0,0%,900%,高,100.0,1.79,7.97,,,,,,,,,,,,,,,,,,Spec_Wattage
bluetti 600w solar generator,CNY,50.0,-100%,0%,未知,,,,,,,,,,,,,,,,,,,,,Brand_Specific
solar generator to run ac,CNY,50.0,0%,0%,高,100.0,2.28,9.73,,,,,,,,,,,,,,,,,,General_Search
goal zero yeti 400 lithium portable power station,CNY,50.0,0%,0%,高,84.0,,,,,,,,,,,,,,,,,,,,Brand_Specific
jackery explorer 290 harbor freight,CNY,50.0,0%,0%,高,68.0,,,,,,,,,,,,,,,,,,,,Brand_Specific
generator for cpap camping,CNY,50.0,0%,0%,高,100.0,2.26,4.77,,,,,,,,,,,,,,,,,,Scenario_PainPoint
2400wh solar generator,CNY,50.0,0%,0%,高,100.0,,,,,,,,,,,,,,,,,,,,Spec_Wattage
rockpals portable generator,CNY,50.0,0%,0%,高,100.0,,,,,,,,,,,,,,,,,,,,General_Search
new mini solar generator,CNY,50.0,0%,0%,未知,,,,,,,,,,,,,,,,,,,,,General_Search
4000 watt portable solar generator,CNY,50.0,0%,0%,高,100.0,,,,,,,,,,,,,,,,,,,,Spec_Wattage
lipower portable power station 300w,CNY,50.0,0%,0%,未知,,,,,,,,,,,,,,,,,,,,,Spec_Wattage
100w portable power station,CNY,50.0,0%,0%,高,100.0,3.1,7.72,,,,,,,,,,,,,,,,,,Spec_Wattage
charging ecoflow delta pro with gas generator,CNY,50.0,0%,0%,中,55.0,,,,,,,,,,,,,,,,,,,,Brand_Specific
portable power station 400w,CNY,50.0,0%,0%,高,90.0,,,,,,,,,,,,,,,,,,,,Spec_Wattage
rockpals 1000w portable power station,CNY,50.0,0%,0%,中,33.0,,,,,,,,,,,,,,,,,,,,Spec_Wattage
solar mobile generator,CNY,50.0,0%,0%,高,100.0,3.02,11.85,,,,,,,,,,,,,,,,,,General_Search
solar small portable generator,CNY,50.0,0%,0%,高,100.0,,,,,,,,,,,,,,,,,,,,General_Search
goal zero yeti nomad,CNY,50.0,0%,0%,高,100.0,,,,,,,,,,,,,,,,,,,,Brand_Specific
1000w power generator,CNY,50.0,0%,0%,高,100.0,,,,,,,,,,,,,,,,,,,,Spec_Wattage
500 wh solar generator,CNY,50.0,0%,0%,高,100.0,,,,,,,,,,,,,,,,,,,,Spec_Wattage
rockpal power station,CNY,50.0,0%,0%,高,100.0,1.59,12.08,,,,,,,,,,,,,,,,,,General_Search
off grid portable solar generator,CNY,50.0,-100%,-100%,未知,,,,,,,,,,,,,,,,,,,,,Scenario_PainPoint
home depot portable solar generator,CNY,50.0,0%,0%,高,100.0,0.65,6.35,,,,,,,,,,,,,,,,,,Scenario_PainPoint
small portable solar power generator,CNY,50.0,0%,0%,高,100.0,,,,,,,,,,,,,,,,,,,,General_Search
jackery 160 portable power station,CNY,50.0,0%,0%,高,89.0,,,,,,,,,,,,,,,,,,,,Brand_Specific
pure sine wave solar generator,CNY,50.0,0%,0%,高,100.0,2.17,10.37,,,,,,,,,,,,,,,,,,General_Search
ef ecoflow generator,CNY,50.0,0%,0%,高,100.0,2.64,27.92,,,,,,,,,,,,,,,,,,Brand_Specific
yeti solar generator 6000,CNY,50.0,0%,-100%,未知,,,,,,,,,,,,,,,,,,,,,General_Search
jackery power 1000,CNY,50.0,0%,0%,高,100.0,3.12,14.47,,,,,,,,,,,,,,,,,,Brand_Specific
rockpals 300w power station,CNY,50.0,0%,0%,低,24.0,,,,,,,,,,,,,,,,,,,,Spec_Wattage
jackery 100x,CNY,50.0,-100%,0%,未知,,,,,,,,,,,,,,,,,,,,,Brand_Specific
ecoflow delta 1800w 1300wh solar generator,CNY,50.0,-100%,0%,未知,,,,,,,,,,,,,,,,,,,,,Brand_Specific
beaudens powerstation,CNY,50.0,∞,0%,高,100.0,,,,,,,,,,,,,,,,,,,,General_Search
portable solar energy generator,CNY,50.0,0%,0%,高,100.0,2.68,7.61,,,,,,,,,,,,,,,,,,General_Search
portable power station solar charging,CNY,50.0,0%,0%,高,100.0,2.46,7.7,,,,,,,,,,,,,,,,,,General_Search
best 300w power station,CNY,50.0,0%,0%,高,99.0,2.93,11.4,,,,,,,,,,,,,,,,,,Spec_Wattage
jackery jsg 1500b,CNY,50.0,0%,0%,高,96.0,,,,,,,,,,,,,,,,,,,,Brand_Specific
jackery explorer 240 solar generator,CNY,50.0,0%,0%,中,62.0,,,,,,,,,,,,,,,,,,,,Brand_Specific
coofly solar generator,CNY,50.0,0%,-100%,未知,,,,,,,,,,,,,,,,,,,,,General_Search
best solar panels for portable generator,CNY,50.0,0%,0%,高,100.0,,,,,,,,,,,,,,,,,,,,General_Search
rockpals freeman 600w portable power station,CNY,50.0,0%,0%,未知,,,,,,,,,,,,,,,,,,,,,Spec_Wattage
generator eco flow,CNY,50.0,0%,0%,高,100.0,,,,,,,,,,,,,,,,,,,,General_Search
delta 2 smart generator,CNY,50.0,0%,0%,高,67.0,,,,,,,,,,,,,,,,,,,,General_Search
lithium ion generator solar,CNY,50.0,0%,0%,未知,,,,,,,,,,,,,,,,,,,,,General_Search
250w portable power station,CNY,50.0,0%,0%,高,100.0,,,,,,,,,,,,,,,,,,,,Spec_Wattage
bluetti solar generator 220v,CNY,50.0,0%,0%,高,100.0,,,,,,,,,,,,,,,,,,,,Brand_Specific
yeti 300 solar generator,CNY,50.0,-100%,-100%,未知,,,,,,,,,,,,,,,,,,,,,General_Search
goal yeti generator,CNY,50.0,0%,-100%,未知,,,,,,,,,,,,,,,,,,,,,General_Search
goal zero 1000w,CNY,50.0,0%,0%,中,50.0,,,,,,,,,,,,,,,,,,,,Brand_Specific
yeti 150 portable power station,CNY,50.0,900%,900%,高,72.0,,,,,,,,,,,,,,,,,,,,General_Search
best solar generator for preppers,CNY,50.0,0%,0%,高,100.0,2.79,14.16,,,,,,,,,,,,,,,,,,General_Search
itehil power station,CNY,50.0,0%,0%,高,100.0,1.91,6.8,,,,,,,,,,,,,,,,,,General_Search
battery generator for cpap,CNY,50.0,0%,0%,高,100.0,1.64,6.31,,,,,,,,,,,,,,,,,,Scenario_PainPoint
solar generator 300w,CNY,50.0,0%,0%,高,100.0,,,,,,,,,,,,,,,,,,,,Spec_Wattage
bluetti eb3a solar,CNY,50.0,0%,0%,中,43.0,,,,,,,,,,,,,,,,,,,,Brand_Specific
suitcase solar generator,CNY,50.0,0%,0%,高,100.0,2.51,8.91,,,,,,,,,,,,,,,,,,General_Search
ctechi 2000w portable power station,CNY,50.0,0%,-100%,未知,,,,,,,,,,,,,,,,,,,,,Spec_Wattage
leoch portable power station 2000w,CNY,50.0,∞,0%,高,100.0,,,,,,,,,,,,,,,,,,,,Spec_Wattage
steelite 1200w portable power station,CNY,50.0,-100%,0%,未知,,,,,,,,,,,,,,,,,,,,,Spec_Wattage
necespow powerstation,CNY,50.0,∞,0%,低,0.0,,,,,,,,,,,,,,,,,,,,General_Search
bawaut power station,CNY,50.0,0%,0%,高,86.0,,,,,,,,,,,,,,,,,,,,General_Search
goal zero yeti 100,CNY,50.0,0%,0%,高,92.0,,,,,,,,,,,,,,,,,,,,Brand_Specific
diy solar power generator portable,CNY,50.0,-100%,0%,未知,,,,,,,,,,,,,,,,,,,,,General_Search
irozce power station 1000w,CNY,50.0,0%,-100%,未知,,,,,,,,,,,,,,,,,,,,,Spec_Wattage
duracell 1440 generator,CNY,50.0,∞,∞,高,82.0,,,,,,,,,,,,,,,,,,,,General_Search
portable solar power generator amazon,CNY,50.0,0%,0%,高,100.0,1.01,6.16,,,,,,,,,,,,,,,,,,General_Search
portable generator rechargeable lithium battery pack,CNY,50.0,0%,0%,高,100.0,,,,,,,,,,,,,,,,,,,,General_Search
portable generator solar power inverter,CNY,50.0,0%,0%,高,100.0,,,,,,,,,,,,,,,,,,,,General_Search
portable home inverter,CNY,50.0,0%,0%,高,100.0,2.64,21.6,,,,,,,,,,,,,,,,,,Scenario_PainPoint
portable lithium solar generator,CNY,50.0,0%,0%,高,100.0,2.76,4.76,,,,,,,,,,,,,,,,,,General_Search
portable power station 155wh 42000mah,CNY,50.0,-100%,0%,未知,,,,,,,,,,,,,,,,,,,,,Spec_Wattage
portable power station flashfish,CNY,50.0,0%,0%,高,100.0,,,,,,,,,,,,,,,,,,,,General_Search
portable solar and wind generator,CNY,50.0,0%,0%,高,67.0,,,,,,,,,,,,,,,,,,,,General_Search
portable solar backup power,CNY,50.0,0%,∞,高,100.0,,,,,,,,,,,,,,,,,,,,General_Search
portable solar generator 1800 watts,CNY,50.0,-100%,0%,未知,,,,,,,,,,,,,,,,,,,,,Spec_Wattage
portable solar generator 500w,CNY,50.0,0%,0%,高,100.0,,,,,,,,,,,,,,,,,,,,Spec_Wattage
portable solar generator shopee,CNY,50.0,0%,-100%,未知,,,,,,,,,,,,,,,,,,,,,General_Search
portable solar generator ups,CNY,50.0,0%,0%,未知,,,,,,,,,,,,,,,,,,,,,General_Search
portable solar generators on sale,CNY,50.0,0%,0%,中,50.0,,,,,,,,,,,,,,,,,,,,General_Search
portable solar inverter power bank generator,CNY,50.0,0%,0%,高,100.0,,,,,,,,,,,,,,,,,,,,General_Search
portable solar plant,CNY,50.0,0%,0%,高,100.0,,,,,,,,,,,,,,,,,,,,General_Search
portable generator inverter solar,CNY,50.0,0%,0%,未知,,,,,,,,,,,,,,,,,,,,,General_Search
portable generator 500 watts,CNY,50.0,0%,0%,高,100.0,,,,,,,,,,,,,,,,,,,,Spec_Wattage
portable diy solar generator,CNY,50.0,∞,0%,高,70.0,,,,,,,,,,,,,,,,,,,,General_Search
perfect power solar generator,CNY,50.0,-100%,0%,未知,,,,,,,,,,,,,,,,,,,,,General_Search
pecron q3000s portable power station,CNY,50.0,0%,0%,未知,,,,,,,,,,,,,,,,,,,,,Brand_Specific
pecron q3000s portable solar power station,CNY,50.0,0%,0%,未知,,,,,,,,,,,,,,,,,,,,,Brand_Specific
pecron q3000s price,CNY,50.0,0%,-100%,未知,,,,,,,,,,,,,,,,,,,,,Brand_Specific
pecron q3000s solar generator,CNY,50.0,-100%,-100%,未知,,,,,,,,,,,,,,,,,,,,,Brand_Specific
pecron s1500f,CNY,50.0,0%,0%,高,91.0,,,,,,,,,,,,,,,,,,,,Brand_Specific
pecron s1500f 1500w solar generator,CNY,50.0,0%,0%,未知,,,,,,,,,,,,,,,,,,,,,Brand_Specific
personal solar power generator,CNY,50.0,0%,0%,高,100.0,2.62,13.65,,,,,,,,,,,,,,,,,,General_Search
portable battery generator for house,CNY,50.0,0%,0%,高,100.0,,,,,,,,,,,,,,,,,,,,General_Search
phoenix elite portable solar generator,CNY,50.0,0%,0%,高,100.0,,,,,,,,,,,,,,,,,,,,General_Search
pocket solar generator,CNY,50.0,∞,∞,高,100.0,,,,,,,,,,,,,,,,,,,,General_Search
portable 110v solar power,CNY,50.0,0%,-100%,未知,,,,,,,,,,,,,,,,,,,,,General_Search
portable 12v generator,CNY,50.0,0%,0%,高,100.0,,,,,,,,,,,,,,,,,,,,General_Search
portable 12v wind generator,CNY,50.0,0%,0%,未知,,,,,,,,,,,,,,,,,,,,,General_Search
portable 72800mah 150w solar generator power station battery backup,CNY,50.0,0%,-100%,未知,,,,,,,,,,,,,,,,,,,,,Spec_Wattage
portable solar power charging station,CNY,50.0,0%,0%,高,100.0,2.42,6.24,,,,,,,,,,,,,,,,,,General_Search
portable solar power inverter generator,CNY,50.0,-100%,-100%,未知,,,,,,,,,,,,,,,,,,,,,General_Search
duracell 1440 watt generator,CNY,50.0,0%,0%,高,73.0,,,,,,,,,,,,,,,,,,,,Spec_Wattage
portable solar power system for camping,CNY,50.0,0%,0%,高,100.0,2.47,7.83,,,,,,,,,,,,,,,,,,Scenario_PainPoint
powkey 200w,CNY,50.0,0%,0%,高,100.0,,,,,,,,,,,,,,,,,,,,Spec_Wattage
powkey 500w portable power station,CNY,50.0,-100%,0%,未知,,,,,,,,,,,,,,,,,,,,,Spec_Wattage
progeny 280w,CNY,50.0,-100%,-100%,未知,,,,,,,,,,,,,,,,,,,,,Spec_Wattage
progeny 280w generator portable power station,CNY,50.0,0%,0%,未知,,,,,,,,,,,,,,,,,,,,,Spec_Wattage
progeny 300w portable power station,CNY,50.0,0%,0%,高,100.0,,,,,,,,,,,,,,,,,,,,Spec_Wattage
progeny 300w power station,CNY,50.0,0%,0%,高,100.0,,,,,,,,,,,,,,,,,,,,Spec_Wattage
progeny 350w portable power station,CNY,50.0,0%,-100%,未知,,,,,,,,,,,,,,,,,,,,,Spec_Wattage
progeny solar generator,CNY,50.0,0%,0%,高,100.0,,,,,,,,,,,,,,,,,,,,General_Search
prymax 1200w portable power station,CNY,50.0,0%,0%,高,86.0,,,,,,,,,,,,,,,,,,,,Spec_Wattage
prymax 300w,CNY,50.0,0%,0%,低,7.0,,,,,,,,,,,,,,,,,,,,Spec_Wattage
prymax 330w portable power station,CNY,50.0,-100%,-100%,未知,,,,,,,,,,,,,,,,,,,,,Spec_Wattage
prymax generator,CNY,50.0,∞,0%,中,43.0,,,,,,,,,,,,,,,,,,,,General_Search
prymax portable power station 1200w,CNY,50.0,∞,0%,高,100.0,,,,,,,,,,,,,,,,,,,,Spec_Wattage
prymax r300,CNY,50.0,0%,0%,低,14.0,,,,,,,,,,,,,,,,,,,,General_Search
prymax solar generator,CNY,50.0,0%,-100%,未知,,,,,,,,,,,,,,,,,,,,,General_Search
powkey 100w portable power station,CNY,50.0,0%,0%,高,95.0,,,,,,,,,,,,,,,,,,,,Spec_Wattage
powerstation suaoki,CNY,50.0,0%,0%,未知,,,,,,,,,,,,,,,,,,,,,General_Search
powersource 1800 solar generator,CNY,50.0,0%,0%,高,100.0,,,,,,,,,,,,,,,,,,,,General_Search
power it lithium battery generator,CNY,50.0,0%,0%,未知,,,,,,,,,,,,,,,,,,,,,General_Search
portable solar power system for rv,CNY,50.0,0%,-90%,高,100.0,2.07,6.04,,,,,,,,,,,,,,,,,,Scenario_PainPoint
portable solar ups,CNY,50.0,0%,-100%,未知,,,,,,,,,,,,,,,,,,,,,General_Search
portable solar wind generator,CNY,50.0,0%,0%,高,100.0,,,,,,,,,,,,,,,,,,,,General_Search
power bank flashfish,CNY,50.0,0%,0%,高,100.0,,,,,,,,,,,,,,,,,,,,General_Search
power cube portable solar generator,CNY,50.0,0%,-100%,未知,,,,,,,,,,,,,,,,,,,,,General_Search
power it li ion battery generator,CNY,50.0,0%,0%,未知,,,,,,,,,,,,,,,,,,,,,General_Search
power oak solar generator,CNY,50.0,0%,0%,未知,,,,,,,,,,,,,,,,,,,,,General_Search
powerology solar panel,CNY,50.0,0%,-100%,未知,,,,,,,,,,,,,,,,,,,,,General_Search
power station 400wh,CNY,50.0,0%,0%,高,100.0,,,,,,,,,,,,,,,,,,,,Spec_Wattage
power station flashfish,CNY,50.0,0%,∞,高,100.0,,,,,,,,,,,,,,,,,,,,General_Search
power station portable generator,CNY,50.0,0%,0%,高,100.0,3.25,21.81,,,,,,,,,,,,,,,,,,General_Search
power station solar 1000w,CNY,50.0,-100%,0%,未知,,,,,,,,,,,,,,,,,,,,,Spec_Wattage
powerbox 1000w portable generator,CNY,50.0,0%,∞,低,0.0,,,,,,,,,,,,,,,,,,,,Spec_Wattage
powerbox portable generator 1000w,CNY,50.0,∞,∞,中,33.0,,,,,,,,,,,,,,,,,,,,Spec_Wattage
pecron q3000s for sale,CNY,50.0,0%,0%,未知,,,,,,,,,,,,,,,,,,,,,Brand_Specific
pecron q2000s,CNY,50.0,0%,0%,高,100.0,,,,,,,,,,,,,,,,,,,,Brand_Specific
pecron portable power station 2000w,CNY,50.0,0%,∞,中,43.0,,,,,,,,,,,,,,,,,,,,Brand_Specific
pecron e1000 price,CNY,50.0,0%,0%,高,71.0,,,,,,,,,,,,,,,,,,,,Brand_Specific
nature's generator 1800w,CNY,50.0,0%,0%,高,100.0,2.68,11.16,,,,,,,,,,,,,,,,,,Spec_Wattage
nature's generator 720 watt hour portable solar generator,CNY,50.0,0%,0%,未知,,,,,,,,,,,,,,,,,,,,,Spec_Wattage
nature's generator elite gold 3600 w solar powered portable generator,CNY,50.0,∞,0%,高,100.0,,,,,,,,,,,,,,,,,,,,Spec_Wattage
new jackery product,CNY,50.0,0%,0%,高,100.0,2.16,6.37,,,,,,,,,,,,,,,,,,Brand_Specific
new jackery products,CNY,50.0,0%,0%,高,100.0,2.16,6.37,,,,,,,,,,,,,,,,,,Brand_Specific
nexpow portable power station 296wh 80000mah solar generator,CNY,50.0,∞,∞,高,100.0,,,,,,,,,,,,,,,,,,,,Spec_Wattage
nexpow solar generator,CNY,50.0,0%,0%,高,100.0,,,,,,,,,,,,,,,,,,,,General_Search
ninjabatt power station 560wh,CNY,50.0,0%,0%,未知,,,,,,,,,,,,,,,,,,,,,Spec_Wattage
nitecore solar generator,CNY,50.0,-100%,0%,未知,,,,,,,,,,,,,,,,,,,,,General_Search
nrggo 300 portable power station,CNY,50.0,-100%,0%,未知,,,,,,,,,,,,,,,,,,,,,General_Search
nusgear portable power supply,CNY,50.0,0%,0%,高,100.0,2.04,9.99,,,,,,,,,,,,,,,,,,General_Search
okmo 2000,CNY,50.0,0%,-100%,未知,,,,,,,,,,,,,,,,,,,,,General_Search
okmo 2000 watt,CNY,50.0,0%,-100%,未知,,,,,,,,,,,,,,,,,,,,,Spec_Wattage
okmo 2000w,CNY,50.0,0%,0%,高,100.0,,,,,,,,,,,,,,,,,,,,Spec_Wattage
okmo generator,CNY,50.0,-100%,0%,未知,,,,,,,,,,,,,,,,,,,,,General_Search
nature's generator 1800 watt,CNY,50.0,0%,0%,高,100.0,2.41,10.05,,,,,,,,,,,,,,,,,,Spec_Wattage
nature power 1000 watt pure sine solar lithium generator,CNY,50.0,0%,0%,未知,,,,,,,,,,,,,,,,,,,,,Spec_Wattage
movable inverter,CNY,50.0,-100%,-100%,未知,,,,,,,,,,,,,,,,,,,,,General_Search
maxoak power station 500wh,CNY,50.0,-100%,0%,未知,,,,,,,,,,,,,,,,,,,,,Spec_Wattage
maxoak ac50,CNY,50.0,-100%,-100%,未知,,,,,,,,,,,,,,,,,,,,,General_Search
maxoak bluetti 500wh power station,CNY,50.0,0%,0%,高,100.0,,,,,,,,,,,,,,,,,,,,Brand_Specific
maxoak bluetti ac50s,CNY,50.0,0%,-100%,未知,,,,,,,,,,,,,,,,,,,,,Brand_Specific
maxoak bluetti solar generator,CNY,50.0,0%,0%,未知,,,,,,,,,,,,,,,,,,,,,Brand_Specific
maxoak generator,CNY,50.0,0%,-100%,未知,,,,,,,,,,,,,,,,,,,,,General_Search
maxoak power station 2400wh,CNY,50.0,0%,0%,高,100.0,,,,,,,,,,,,,,,,,,,,Spec_Wattage
milin 600w solar power generator,CNY,50.0,∞,0%,中,43.0,,,,,,,,,,,,,,,,,,,,Spec_Wattage
monster x solar generator,CNY,50.0,∞,∞,高,100.0,,,,,,,,,,,,,,,,,,,,General_Search
milin 622wh,CNY,50.0,0%,0%,低,0.0,,,,,,,,,,,,,,,,,,,,Spec_Wattage
milin 622wh portable power station,CNY,50.0,∞,0%,高,86.0,,,,,,,,,,,,,,,,,,,,Spec_Wattage
milin solar generator,CNY,50.0,0%,0%,高,100.0,,,,,,,,,,,,,,,,,,,,General_Search
mini solar power generator price,CNY,50.0,0%,0%,中,50.0,,,,,,,,,,,,,,,,,,,,General_Search
mobile solar generator price,CNY,50.0,-100%,-100%,未知,,,,,,,,,,,,,,,,,,,,,General_Search
mobile solar generator system,CNY,50.0,-100%,-100%,未知,,,,,,,,,,,,,,,,,,,,,General_Search
okmo portable power station,CNY,50.0,0%,-100%,未知,,,,,,,,,,,,,,,,,,,,,General_Search
okmo portable power station 1000w,CNY,50.0,0%,0%,高,100.0,,,,,,,,,,,,,,,,,,,,Spec_Wattage
okpro power station,CNY,50.0,0%,0%,低,0.0,,,,,,,,,,,,,,,,,,,,General_Search
paxcess rockman 200,CNY,50.0,0%,0%,高,80.0,,,,,,,,,,,,,,,,,,,,General_Search
paxcess portable generator,CNY,50.0,0%,0%,低,0.0,,,,,,,,,,,,,,,,,,,,General_Search
paxcess portable generator 330w,CNY,50.0,∞,0%,高,100.0,,,,,,,,,,,,,,,,,,,,Spec_Wattage
paxcess portable power station 200w,CNY,50.0,0%,0%,高,100.0,,,,,,,,,,,,,,,,,,,,Spec_Wattage
paxcess portable power station 500w,CNY,50.0,0%,0%,高,100.0,,,,,,,,,,,,,,,,,,,,Spec_Wattage
paxcess power station 500w,CNY,50.0,∞,∞,高,100.0,,,,,,,,,,,,,,,,,,,,Spec_Wattage
paxcess rockman,CNY,50.0,0%,-100%,未知,,,,,,,,,,,,,,,,,,,,,General_Search
paxcess rockman 300,CNY,50.0,0%,0%,高,93.0,,,,,,,,,,,,,,,,,,,,General_Search
paxcess 500w portable power station,CNY,50.0,0%,-100%,未知,,,,,,,,,,,,,,,,,,,,,Spec_Wattage
paxcess rockman 500w,CNY,50.0,-100%,0%,未知,,,,,,,,,,,,,,,,,,,,,Spec_Wattage
paxcess solar,CNY,50.0,0%,-100%,未知,,,,,,,,,,,,,,,,,,,,,General_Search
pecron 1000 watt,CNY,50.0,0%,0%,高,100.0,,,,,,,,,,,,,,,,,,,,Brand_Specific
pecron 1000w portable power station,CNY,50.0,0%,0%,高,100.0,1.9,3.49,,,,,,,,,,,,,,,,,,Brand_Specific
pecron e1000 portable power station,CNY,50.0,0%,0%,高,88.0,,,,,,,,,,,,,,,,,,,,Brand_Specific
pecron e1000 portable power station 1000w,CNY,50.0,0%,0%,未知,,,,,,,,,,,,,,,,,,,,,Brand_Specific
paxcess generator,CNY,50.0,0%,900%,高,87.0,,,,,,,,,,,,,,,,,,,,General_Search
paxcess 330w portable power station,CNY,50.0,0%,0%,高,100.0,,,,,,,,,,,,,,,,,,,,Spec_Wattage
okpro solar generator,CNY,50.0,0%,0%,高,100.0,,,,,,,,,,,,,,,,,,,,General_Search
oupes 1100w power station,CNY,50.0,0%,0%,未知,,,,,,,,,,,,,,,,,,,,,Spec_Wattage
ommo portable power station,CNY,50.0,0%,0%,低,29.0,,,,,,,,,,,,,,,,,,,,General_Search
omorc 300w portable power station,CNY,50.0,-100%,-100%,未知,,,,,,,,,,,,,,,,,,,,,Spec_Wattage
omorc portable power station,CNY,50.0,0%,0%,高,93.0,,,,,,,,,,,,,,,,,,,,General_Search
one up portable power station by ecoflow,CNY,50.0,0%,0%,未知,,,,,,,,,,,,,,,,,,,,,Brand_Specific
oukitel cn505 portable power station 614wh,CNY,50.0,∞,0%,高,79.0,,,,,,,,,,,,,,,,,,,,Spec_Wattage
oukitel power station cn505,CNY,50.0,-100%,0%,未知,,,,,,,,,,,,,,,,,,,,,General_Search
oupes 1800 watt,CNY,50.0,-100%,-100%,未知,,,,,,,,,,,,,,,,,,,,,Spec_Wattage
paxcess 300w portable power station,CNY,50.0,0%,0%,中,40.0,,,,,,,,,,,,,,,,,,,,Spec_Wattage
oupes power station 600w,CNY,50.0,0%,0%,高,100.0,1.29,2.9,,,,,,,,,,,,,,,,,,Spec_Wattage
outdoor generators & portable power,CNY,50.0,0%,0%,高,97.0,2.69,14.85,,,,,,,,,,,,,,,,,,General_Search
outdoor solar station,CNY,50.0,0%,0%,高,100.0,,,,,,,,,,,,,,,,,,,,General_Search
patriot power generator 1500 cost,CNY,50.0,∞,∞,高,100.0,,,,,,,,,,,,,,,,,,,,General_Search
paxcess 100 watt portable generator,CNY,50.0,0%,-100%,未知,,,,,,,,,,,,,,,,,,,,,Spec_Wattage
paxcess 280w,CNY,50.0,∞,∞,中,50.0,,,,,,,,,,,,,,,,,,,,Spec_Wattage
qasa inverter generator,CNY,50.0,0%,-100%,未知,,,,,,,,,,,,,,,,,,,,,General_Search
qasa solar power portable,CNY,50.0,0%,-100%,未知,,,,,,,,,,,,,,,,,,,,,General_Search
rainier 4400 generator,CNY,50.0,0%,0%,高,67.0,,,,,,,,,,,,,,,,,,,,General_Search
specstar 500w,CNY,50.0,0%,0%,低,0.0,,,,,,,,,,,,,,,,,,,,Spec_Wattage
takki 83wh portable power station,CNY,50.0,∞,0%,低,29.0,,,,,,,,,,,,,,,,,,,,Spec_Wattage
takki power station,CNY,50.0,0%,0%,高,100.0,1.22,4.53,,,,,,,,,,,,,,,,,,General_Search
techoss portable power station,CNY,50.0,0%,0%,中,47.0,,,,,,,,,,,,,,,,,,,,General_Search
tektrum portable 1500w,CNY,50.0,0%,0%,未知,,,,,,,,,,,,,,,,,,,,,Spec_Wattage
the best portable solar power generator,CNY,50.0,0%,0%,高,100.0,2.97,9.23,,,,,,,,,,,,,,,,,,General_Search
the solar generator,CNY,50.0,0%,0%,高,100.0,5.9,11.2,,,,,,,,,,,,,,,,,,General_Search
tiny solar generator,CNY,50.0,0%,0%,高,100.0,2.0,4.33,,,,,,,,,,,,,,,,,,General_Search
togo power solar generator,CNY,50.0,-100%,0%,未知,,,,,,,,,,,,,,,,,,,,,General_Search
topshak portable power station 1000w,CNY,50.0,0%,-100%,未知,,,,,,,,,,,,,,,,,,,,,Spec_Wattage
trekpow 350w,CNY,50.0,0%,0%,未知,,,,,,,,,,,,,,,,,,,,,Spec_Wattage
used jackery 1000,CNY,50.0,0%,0%,高,100.0,,,,,,,,,,,,,,,,,,,,Brand_Specific
van life solar generator,CNY,50.0,0%,0%,高,100.0,,,,,,,,,,,,,,,,,,,,General_Search
vatid 600w portable power station,CNY,50.0,0%,0%,高,81.0,,,,,,,,,,,,,,,,,,,,Spec_Wattage
vattix portable power station,CNY,50.0,0%,0%,高,86.0,,,,,,,,,,,,,,,,,,,,General_Search
wagan power cube 1500 solar generator,CNY,50.0,0%,∞,高,74.0,,,,,,,,,,,,,,,,,,,,General_Search
tacklife solar generator,CNY,50.0,-100%,0%,未知,,,,,,,,,,,,,,,,,,,,,General_Search
tacklife p50 500wh portable power station,CNY,50.0,0%,0%,未知,,,,,,,,,,,,,,,,,,,,,Spec_Wattage
sungzu ska1500,CNY,50.0,0%,0%,未知,,,,,,,,,,,,,,,,,,,,,General_Search
suaoki portable power station g500,CNY,50.0,0%,-100%,未知,,,,,,,,,,,,,,,,,,,,,General_Search
suaoki 1000w portable power station,CNY,50.0,-100%,-100%,未知,,,,,,,,,,,,,,,,,,,,,Spec_Wattage
suaoki 400wh portable solar generator,CNY,50.0,∞,∞,低,0.0,,,,,,,,,,,,,,,,,,,,Spec_Wattage
suaoki g500 portable power station,CNY,50.0,0%,0%,中,40.0,,,,,,,,,,,,,,,,,,,,General_Search
suaoki generator,CNY,50.0,0%,0%,低,10.0,,,,,,,,,,,,,,,,,,,,General_Search
suaoki portable generator,CNY,50.0,0%,0%,低,0.0,,,,,,,,,,,,,,,,,,,,General_Search
suaoki portable power station 150wh,CNY,50.0,0%,900%,低,28.0,,,,,,,,,,,,,,,,,,,,Spec_Wattage
suaoki portable power station s270,CNY,50.0,0%,0%,高,100.0,,,,,,,,,,,,,,,,,,,,General_Search
sungzu power station,CNY,50.0,0%,0%,高,93.0,,,,,,,,,,,,,,,,,,,,General_Search
suaoki portable solar generator s270,CNY,50.0,0%,∞,低,0.0,,,,,,,,,,,,,,,,,,,,General_Search
suaoki powerstation,CNY,50.0,0%,0%,高,100.0,,,,,,,,,,,,,,,,,,,,General_Search
suaoki s270 portable power station,CNY,50.0,0%,0%,低,10.0,,,,,,,,,,,,,,,,,,,,General_Search
suaoki solar generator,CNY,50.0,0%,0%,高,77.0,,,,,,,,,,,,,,,,,,,,General_Search
sungzu 1000 watt portable power station,CNY,50.0,0%,0%,未知,,,,,,,,,,,,,,,,,,,,,Spec_Wattage
sungzu portable power station 1000w,CNY,50.0,0%,0%,高,100.0,,,,,,,,,,,,,,,,,,,,Spec_Wattage
wattfun 298wh,CNY,50.0,0%,-100%,未知,,,,,,,,,,,,,,,,,,,,,Spec_Wattage
wattfun 298wh portable power station,CNY,50.0,0%,∞,中,57.0,,,,,,,,,,,,,,,,,,,,Spec_Wattage
wattfun 300 watt power station,CNY,50.0,0%,-100%,未知,,,,,,,,,,,,,,,,,,,,,Spec_Wattage
yeti 150 power supply,CNY,50.0,-100%,-100%,未知,,,,,,,,,,,,,,,,,,,,,General_Search
yaber 300w portable power station,CNY,50.0,-100%,-100%,未知,,,,,,,,,,,,,,,,,,,,,Spec_Wattage
yeti 1250 portable power station,CNY,50.0,0%,0%,高,100.0,,,,,,,,,,,,,,,,,,,,General_Search
yeti 1250 power station,CNY,50.0,0%,0%,高,83.0,,,,,,,,,,,,,,,,,,,,General_Search
yeti 1400 solar generator,CNY,50.0,0%,∞,中,50.0,,,,,,,,,,,,,,,,,,,,General_Search
yeti 150 generator,CNY,50.0,0%,0%,中,57.0,,,,,,,,,,,,,,,,,,,,General_Search
yeti 150 portable power generator,CNY,50.0,0%,0%,未知,,,,,,,,,,,,,,,,,,,,,General_Search
yeti 1500w solar generator,CNY,50.0,0%,∞,高,100.0,,,,,,,,,,,,,,,,,,,,Spec_Wattage
westinghouse outdoor power equipment igen160s,CNY,50.0,0%,0%,未知,,,,,,,,,,,,,,,,,,,,,General_Search
yeti 400 lead acid,CNY,50.0,-100%,-100%,未知,,,,,,,,,,,,,,,,,,,,,General_Search
yeti 400 power pack,CNY,50.0,-100%,-100%,未知,,,,,,,,,,,,,,,,,,,,,General_Search
yeti 400 solar,CNY,50.0,-100%,-100%,未知,,,,,,,,,,,,,,,,,,,,,General_Search
yeti battery solar,CNY,50.0,0%,0%,高,96.0,0.74,8.31,,,,,,,,,,,,,,,,,,General_Search
yeti solar generator 1000,CNY,50.0,0%,-100%,未知,,,,,,,,,,,,,,,,,,,,,General_Search
yeti solar generator 6000 watt,CNY,50.0,0%,0%,高,100.0,,,,,,,,,,,,,,,,,,,,Spec_Wattage
westinghouse outdoor power equipment igen160s portable power station,CNY,50.0,0%,0%,未知,,,,,,,,,,,,,,,,,,,,,General_Search
westinghouse igen600s portable power station,CNY,50.0,0%,0%,高,68.0,,,,,,,,,,,,,,,,,,,,General_Search
wattfun 300w,CNY,50.0,-100%,0%,未知,,,,,,,,,,,,,,,,,,,,,Spec_Wattage
wawui smart power,CNY,50.0,0%,∞,低,29.0,,,,,,,,,,,,,,,,,,,,General_Search
wattfun 500,CNY,50.0,0%,0%,未知,,,,,,,,,,,,,,,,,,,,,General_Search
wattfun 500wh 300w portable power station,CNY,50.0,0%,0%,未知,,,,,,,,,,,,,,,,,,,,,Spec_Wattage
wattfun ac50,CNY,50.0,0%,0%,低,0.0,,,,,,,,,,,,,,,,,,,,General_Search
wattfun power station 300,CNY,50.0,-100%,-100%,未知,,,,,,,,,,,,,,,,,,,,,General_Search
wawui portable power station,CNY,50.0,0%,∞,高,67.0,,,,,,,,,,,,,,,,,,,,General_Search
wawui portable power station 84wh,CNY,50.0,-100%,0%,未知,,,,,,,,,,,,,,,,,,,,,Spec_Wattage
webetop power generator,CNY,50.0,0%,0%,中,50.0,,,,,,,,,,,,,,,,,,,,General_Search
westinghouse igen300s portable power station,CNY,50.0,0%,0%,高,88.0,,,,,,,,,,,,,,,,,,,,General_Search
westinghouse igen 155 watt hour portable solar generator,CNY,50.0,0%,0%,未知,,,,,,,,,,,,,,,,,,,,,Spec_Wattage
westinghouse igen1000s portable power station,CNY,50.0,0%,0%,高,98.0,,,,,,,,,,,,,,,,,,,,General_Search
westinghouse igen160,CNY,50.0,0%,0%,高,100.0,,,,,,,,,,,,,,,,,,,,General_Search
westinghouse igen160s 155wh portable power station and outdoor solar generator,CNY,50.0,0%,∞,高,100.0,,,,,,,,,,,,,,,,,,,,Spec_Wattage
westinghouse igen160s portable power station solar panel,CNY,50.0,∞,∞,高,100.0,,,,,,,,,,,,,,,,,,,,General_Search
westinghouse igen300s 296wh portable power station and outdoor solar generator,CNY,50.0,∞,∞,高,100.0,,,,,,,,,,,,,,,,,,,,Spec_Wattage
steelite 1200w,CNY,50.0,0%,0%,未知,,,,,,,,,,,,,,,,,,,,,Spec_Wattage
soyond portable solar generator,CNY,50.0,∞,0%,高,71.0,,,,,,,,,,,,,,,,,,,,General_Search
ravpower 300w portable power station,CNY,50.0,0%,-100%,未知,,,,,,,,,,,,,,,,,,,,,Spec_Wattage
solar westinghouse generator,CNY,50.0,-100%,-100%,未知,,,,,,,,,,,,,,,,,,,,,General_Search
rockpals 500w portable power station,CNY,50.0,0%,0%,高,89.0,,,,,,,,,,,,,,,,,,,,Spec_Wattage
rockpals 500w power station,CNY,50.0,0%,0%,高,99.0,,,,,,,,,,,,,,,,,,,,Spec_Wattage
rockpals 600w portable power station freeman 600,CNY,50.0,-100%,0%,未知,,,,,,,,,,,,,,,,,,,,,Spec_Wattage
rockpals inverter generator,CNY,50.0,-100%,-100%,未知,,,,,,,,,,,,,,,,,,,,,General_Search
rockpals portable power,CNY,50.0,0%,0%,高,100.0,,,,,,,,,,,,,,,,,,,,General_Search
rockpals portable power station 200w,CNY,50.0,0%,0%,未知,,,,,,,,,,,,,,,,,,,,,Spec_Wattage
rockpower 300w,CNY,50.0,-100%,0%,未知,,,,,,,,,,,,,,,,,,,,,Spec_Wattage
rocksolar 200w,CNY,50.0,0%,0%,未知,,,,,,,,,,,,,,,,,,,,,Spec_Wattage
rocksolar 400w portable power station,CNY,50.0,∞,∞,高,79.0,,,,,,,,,,,,,,,,,,,,Spec_Wattage
rocksolar 80w portable power station,CNY,50.0,0%,0%,中,64.0,,,,,,,,,,,,,,,,,,,,Spec_Wattage
rocksolar adventurer rs328,CNY,50.0,∞,∞,低,0.0,,,,,,,,,,,,,,,,,,,,General_Search
rocksolar nomad 400w,CNY,50.0,∞,0%,低,0.0,,,,,,,,,,,,,,,,,,,,Spec_Wattage
rocksolar nomad 400w power station,CNY,50.0,0%,-100%,未知,,,,,,,,,,,,,,,,,,,,,Spec_Wattage
rocksolar nomad power station,CNY,50.0,-100%,-100%,未知,,,,,,,,,,,,,,,,,,,,,General_Search
rocksolar portable power station 80w,CNY,50.0,0%,∞,中,43.0,,,,,,,,,,,,,,,,,,,,Spec_Wattage
rockpals 330w,CNY,50.0,∞,0%,高,100.0,,,,,,,,,,,,,,,,,,,,Spec_Wattage
rockpals 300w solar generator,CNY,50.0,0%,-100%,未知,,,,,,,,,,,,,,,,,,,,,Spec_Wattage
rockpals 300w portable power station 280wh,CNY,50.0,0%,0%,未知,,,,,,,,,,,,,,,,,,,,,Spec_Wattage
rockpals 2000 watt inverter generator,CNY,50.0,0%,0%,高,100.0,,,,,,,,,,,,,,,,,,,,Spec_Wattage
rechargeable portable power generator,CNY,50.0,0%,∞,高,100.0,,,,,,,,,,,,,,,,,,,,General_Search
renewable portable solar generator,CNY,50.0,0%,0%,未知,,,,,,,,,,,,,,,,,,,,,General_Search
renogy phoenix elite portable generator,CNY,50.0,0%,0%,未知,,,,,,,,,,,,,,,,,,,,,General_Search
renogy phoenix portable solar generator,CNY,50.0,0%,0%,中,55.0,,,,,,,,,,,,,,,,,,,,General_Search
rockman 300w portable power station,CNY,50.0,0%,-100%,未知,,,,,,,,,,,,,,,,,,,,,Spec_Wattage
rockpals 2000 watt generator,CNY,50.0,0%,-100%,未知,,,,,,,,,,,,,,,,,,,,,Spec_Wattage
rockpals 250 watt,CNY,50.0,-100%,0%,未知,,,,,,,,,,,,,,,,,,,,,Spec_Wattage
rockpals 300w portable generator,CNY,50.0,0%,0%,高,100.0,,,,,,,,,,,,,,,,,,,,Spec_Wattage
rockpals 250 watt portable generator rechargeable,CNY,50.0,0%,0%,未知,,,,,,,,,,,,,,,,,,,,,Spec_Wattage
rockpals 250 watt portable generator rechargeable lithium battery pack,CNY,50.0,∞,∞,低,0.0,,,,,,,,,,,,,,,,,,,,Spec_Wattage
rockpals 250w power station,CNY,50.0,0%,0%,高,100.0,,,,,,,,,,,,,,,,,,,,Spec_Wattage
rockpals 300 watt,CNY,50.0,0%,∞,高,83.0,,,,,,,,,,,,,,,,,,,,Spec_Wattage
rockpals 300 watt portable generator,CNY,50.0,∞,0%,低,0.0,,,,,,,,,,,,,,,,,,,,Spec_Wattage
rockpals 300w not charging,CNY,50.0,0%,0%,低,0.0,,,,,,,,,,,,,,,,,,,,Spec_Wattage
rocksolar rs328,CNY,50.0,0%,0%,低,0.0,,,,,,,,,,,,,,,,,,,,General_Search
rocksolar rs420,CNY,50.0,-100%,0%,未知,,,,,,,,,,,,,,,,,,,,,General_Search
sbaoh portable power station generator,CNY,50.0,0%,0%,未知,,,,,,,,,,,,,,,,,,,,,General_Search
solar portable generator price,CNY,50.0,-100%,0%,未知,,,,,,,,,,,,,,,,,,,,,General_Search
solar generator yeti 3000,CNY,50.0,0%,0%,未知,,,,,,,,,,,,,,,,,,,,,General_Search
solar generators portable 12000 watts,CNY,50.0,-100%,0%,未知,,,,,,,,,,,,,,,,,,,,,Spec_Wattage
solar panel for duracell powersource 660,CNY,50.0,0%,0%,高,100.0,,,,,,,,,,,,,,,,,,,,General_Search
solar panel generator camping,CNY,50.0,-100%,-100%,未知,,,,,,,,,,,,,,,,,,,,,Scenario_PainPoint
solar panel to generator,CNY,50.0,0%,0%,高,80.0,,,,,,,,,,,,,,,,,,,,General_Search
solar panels for duracell powersource,CNY,50.0,0%,-100%,未知,,,,,,,,,,,,,,,,,,,,,General_Search
solar power generator 1000w,CNY,50.0,0%,0%,未知,,,,,,,,,,,,,,,,,,,,,Spec_Wattage
solar generator under $100,CNY,50.0,0%,0%,高,100.0,1.05,6.45,,,,,,,,,,,,,,,,,,General_Search
solar power generator 1500w,CNY,50.0,0%,0%,高,100.0,2.25,8.12,,,,,,,,,,,,,,,,,,Spec_Wattage
solar power inverter portable,CNY,50.0,900%,900%,高,100.0,2.28,6.33,,,,,,,,,,,,,,,,,,General_Search
solar powered generator lithium battery,CNY,50.0,0%,0%,高,94.0,1.93,3.7,,,,,,,,,,,,,,,,,,General_Search
solar residential generator,CNY,50.0,0%,0%,高,74.0,,,,,,,,,,,,,,,,,,,,General_Search
solar rover power station,CNY,50.0,0%,0%,未知,,,,,,,,,,,,,,,,,,,,,General_Search
solar saga 60w,CNY,50.0,-100%,-100%,未知,,,,,,,,,,,,,,,,,,,,,Spec_Wattage
solar generator van life,CNY,50.0,0%,0%,高,100.0,,,,,,,,,,,,,,,,,,,,General_Search
solar generator to run space heater,CNY,50.0,∞,0%,高,100.0,,,,,,,,,,,,,,,,,,,,General_Search
self contained solar power generator,CNY,50.0,0%,∞,高,75.0,,,,,,,,,,,,,,,,,,,,General_Search
solar generator allpowers,CNY,50.0,-100%,0%,未知,,,,,,,,,,,,,,,,,,,,,General_Search
serenelife portable generator 155wh power station,CNY,50.0,-100%,0%,未知,,,,,,,,,,,,,,,,,,,,,Spec_Wattage
sinkeu g600,CNY,50.0,0%,0%,中,52.0,,,,,,,,,,,,,,,,,,,,General_Search
sinkeu portable power station 27000mah 99wh,CNY,50.0,0%,0%,未知,,,,,,,,,,,,,,,,,,,,,Spec_Wattage
solar and portable power,CNY,50.0,0%,0%,高,100.0,,,,,,,,,,,,,,,,,,,,General_Search
solar generator 400w,CNY,50.0,0%,0%,高,100.0,,,,,,,,,,,,,,,,,,,,Spec_Wattage
solar generator 500 watts,CNY,50.0,0%,0%,高,100.0,,,,,,,,,,,,,,,,,,,,Spec_Wattage
solar generator for,CNY,50.0,0%,0%,高,91.0,,,,,,,,,,,,,,,,,,,,General_Search
solar generator to power fridge,CNY,50.0,0%,0%,高,100.0,2.17,10.49,,,,,,,,,,,,,,,,,,Scenario_PainPoint
solar generator for laptop,CNY,50.0,0%,0%,高,82.0,2.79,5.88,,,,,,,,,,,,,,,,,,General_Search
solar generator for laptop charging,CNY,50.0,0%,0%,高,100.0,,,,,,,,,,,,,,,,,,,,General_Search
solar generator for van life,CNY,50.0,0%,0%,高,100.0,2.06,5.3,,,,,,,,,,,,,,,,,,General_Search
solar generator portable power,CNY,50.0,0%,0%,高,100.0,2.68,7.61,,,,,,,,,,,,,,,,,,General_Search
solar generator prepper,CNY,50.0,0%,0%,高,100.0,4.03,14.86,,,,,,,,,,,,,,,,,,General_Search
solar generator pro,CNY,50.0,0%,0%,未知,,,,,,,,,,,,,,,,,,,,,General_Search
max oak bluetti,CNY,50.0,0%,0%,高,98.0,3.42,8.05,,,,,,,,,,,,,,,,,,Brand_Specific
massimo portable power station,CNY,50.0,0%,-90%,低,4.0,,,,,,,,,,,,,,,,,,,,General_Search
marbero portable power station solar panel,CNY,50.0,0%,0%,高,100.0,1.41,4.32,,,,,,,,,,,,,,,,,,General_Search
expertpower s200,CNY,50.0,0%,0%,高,71.0,,,,,,,,,,,,,,,,,,,,General_Search
flashfish 300w solar generator,CNY,50.0,0%,0%,高,67.0,,,,,,,,,,,,,,,,,,,,Spec_Wattage
flashfish 320w,CNY,50.0,0%,-100%,未知,,,,,,,,,,,,,,,,,,,,,Spec_Wattage
flashfish 330w,CNY,50.0,0%,-100%,未知,,,,,,,,,,,,,,,,,,,,,Spec_Wattage
flashfish 330w portable power station,CNY,50.0,0%,-100%,未知,,,,,,,,,,,,,,,,,,,,,Spec_Wattage
flashfish 40800mah,CNY,50.0,-100%,-100%,未知,,,,,,,,,,,,,,,,,,,,,General_Search
flashfish 40800mah solar generator,CNY,50.0,0%,-100%,未知,,,,,,,,,,,,,,,,,,,,,General_Search
flashfish 560w,CNY,50.0,0%,-100%,未知,,,,,,,,,,,,,,,,,,,,,Spec_Wattage
flashfish 60000mah portable power station,CNY,50.0,0%,0%,中,43.0,,,,,,,,,,,,,,,,,,,,General_Search
flashfish battery,CNY,50.0,0%,0%,高,88.0,1.67,5.36,,,,,,,,,,,,,,,,,,General_Search
flashfish battery pack,CNY,50.0,0%,0%,高,100.0,,,,,,,,,,,,,,,,,,,,General_Search
flashfish company,CNY,50.0,0%,0%,低,0.0,,,,,,,,,,,,,,,,,,,,General_Search
flashfish cpap battery,CNY,50.0,-100%,0%,未知,,,,,,,,,,,,,,,,,,,,,Scenario_PainPoint
flashfish e200 portable solar generator,CNY,50.0,0%,0%,高,100.0,,,,,,,,,,,,,,,,,,,,General_Search
flashfish e300,CNY,50.0,0%,0%,高,100.0,,,,,,,,,,,,,,,,,,,,General_Search
flashfish ea200,CNY,50.0,0%,0%,未知,,,,,,,,,,,,,,,,,,,,,General_Search
flashfish 300w portable power station,CNY,50.0,0%,0%,高,100.0,,,,,,,,,,,,,,,,,,,,Spec_Wattage
flashfish 220v 200w,CNY,50.0,∞,∞,高,100.0,,,,,,,,,,,,,,,,,,,,Spec_Wattage
flashfish 200w portable power station e200,CNY,50.0,0%,∞,低,0.0,,,,,,,,,,,,,,,,,,,,Spec_Wattage
firman 7500 watt,CNY,50.0,0%,0%,高,74.0,,,,,,,,,,,,,,,,,,,,Spec_Wattage
explorer 160 portable power station,CNY,50.0,0%,0%,高,100.0,,,,,,,,,,,,,,,,,,,,General_Search
ff flashfish 330w portable power station,CNY,50.0,0%,-100%,未知,,,,,,,,,,,,,,,,,,,,,Spec_Wattage
ff power 2000 watt generator,CNY,50.0,0%,0%,未知,,,,,,,,,,,,,,,,,,,,,Spec_Wattage
ff power 2000 watt solar generator,CNY,50.0,0%,-100%,未知,,,,,,,,,,,,,,,,,,,,,Spec_Wattage
ffpower 2000w,CNY,50.0,0%,0%,高,96.0,,,,,,,,,,,,,,,,,,,,Spec_Wattage
fiodio portable power station,CNY,50.0,∞,0%,低,7.0,,,,,,,,,,,,,,,,,,,,General_Search
firman p03615,CNY,50.0,0%,0%,高,71.0,,,,,,,,,,,,,,,,,,,,General_Search
flashfish 120w,CNY,50.0,0%,-100%,未知,,,,,,,,,,,,,,,,,,,,,Spec_Wattage
fivklemnz portable power station,CNY,50.0,0%,0%,未知,,,,,,,,,,,,,,,,,,,,,General_Search
flash fish portable generator,CNY,50.0,0%,-90%,高,100.0,,,,,,,,,,,,,,,,,,,,General_Search
flash fish portable solar generator,CNY,50.0,0%,0%,高,98.0,0.67,3.35,,,,,,,,,,,,,,,,,,General_Search
flashfish 1000w,CNY,50.0,∞,0%,高,100.0,,,,,,,,,,,,,,,,,,,,Spec_Wattage
flashfish 100w,CNY,50.0,-100%,0%,未知,,,,,,,,,,,,,,,,,,,,,Spec_Wattage
flashfish 1200w,CNY,50.0,-100%,0%,未知,,,,,,,,,,,,,,,,,,,,,Spec_Wattage
flashfish not charging,CNY,50.0,∞,0%,低,0.0,,,,,,,,,,,,,,,,,,,,General_Search
flashfish portable,CNY,50.0,0%,0%,高,100.0,,,,,,,,,,,,,,,,,,,,General_Search
flashfish portable power station 200w,CNY,50.0,0%,0%,高,100.0,,,,,,,,,,,,,,,,,,,,Spec_Wattage
goal zero pure sine wave,CNY,50.0,0%,-100%,未知,,,,,,,,,,,,,,,,,,,,,Brand_Specific
goal yeti 150,CNY,50.0,-100%,-100%,未知,,,,,,,,,,,,,,,,,,,,,General_Search
goal yeti solar generator,CNY,50.0,0%,0%,未知,,,,,,,,,,,,,,,,,,,,,General_Search
goal zero 3000 watt,CNY,50.0,0%,0%,高,100.0,,,,,,,,,,,,,,,,,,,,Brand_Specific
goal zero charging station,CNY,50.0,0%,0%,高,88.0,,,,,,,,,,,,,,,,,,,,Brand_Specific
goal zero gas generator,CNY,50.0,∞,0%,高,100.0,,,,,,,,,,,,,,,,,,,,Brand_Specific
goal zero power inverter,CNY,50.0,0%,0%,高,100.0,0.67,4.11,,,,,,,,,,,,,,,,,,Brand_Specific
goal zero yeti 1000 not charging,CNY,50.0,0%,0%,低,0.0,,,,,,,,,,,,,,,,,,,,Brand_Specific
geneverse cost,CNY,50.0,0%,0%,未知,,,,,,,,,,,,,,,,,,,,,General_Search
goal zero yeti 1000 solar generator,CNY,50.0,∞,0%,高,71.0,,,,,,,,,,,,,,,,,,,,Brand_Specific
goal zero yeti 1250 portable power station,CNY,50.0,0%,0%,高,88.0,,,,,,,,,,,,,,,,,,,,Brand_Specific
goal zero yeti 150 cpap,CNY,50.0,-100%,-100%,未知,,,,,,,,,,,,,,,,,,,,,Scenario_PainPoint
goal zero yeti 150 not charging,CNY,50.0,0%,0%,低,1.0,,,,,,,,,,,,,,,,,,,,Brand_Specific
goal zero yeti 150 portable power generator,CNY,50.0,0%,0%,低,24.0,,,,,,,,,,,,,,,,,,,,Brand_Specific
goal zero yeti 150 power station,CNY,50.0,0%,0%,中,34.0,,,,,,,,,,,,,,,,,,,,Brand_Specific
go power plus portable power station,CNY,50.0,0%,0%,高,81.0,,,,,,,,,,,,,,,,,,,,General_Search
generator 300w,CNY,50.0,0%,0%,高,100.0,1.34,6.19,,,,,,,,,,,,,,,,,,Spec_Wattage
flashfish portable power station a301,CNY,50.0,0%,∞,低,0.0,,,,,,,,,,,,,,,,,,,,General_Search
fumorclu generator,CNY,50.0,0%,0%,未知,,,,,,,,,,,,,,,,,,,,,General_Search
flashfish portable power station e200,CNY,50.0,0%,0%,中,43.0,,,,,,,,,,,,,,,,,,,,General_Search
flashfish power bank,CNY,50.0,0%,0%,高,100.0,,,,,,,,,,,,,,,,,,,,General_Search
flashfish powerstation,CNY,50.0,0%,-90%,高,100.0,0.96,6.78,,,,,,,,,,,,,,,,,,General_Search
flashfish solar,CNY,50.0,0%,0%,高,100.0,,,,,,,,,,,,,,,,,,,,General_Search
floureon solar generator,CNY,50.0,0%,-100%,未知,,,,,,,,,,,,,,,,,,,,,General_Search
freeman 600 rockpals,CNY,50.0,0%,0%,未知,,,,,,,,,,,,,,,,,,,,,General_Search
g300 portable solar generator,CNY,50.0,0%,0%,中,57.0,,,,,,,,,,,,,,,,,,,,General_Search
generark solar generator homepower one solarpower one,CNY,50.0,0%,0%,未知,,,,,,,,,,,,,,,,,,,,,Scenario_PainPoint
g500 portable solar generator,CNY,50.0,0%,-100%,未知,,,,,,,,,,,,,,,,,,,,,General_Search
g500 solar generator,CNY,50.0,-100%,-100%,未知,,,,,,,,,,,,,,,,,,,,,General_Search
generac power cell pricing,CNY,50.0,0%,0%,低,29.0,,,,,,,,,,,,,,,,,,,,General_Search
generark homepower one solar generator,CNY,50.0,-100%,0%,未知,,,,,,,,,,,,,,,,,,,,,Scenario_PainPoint
generark solar generator emergency power supply for your home,CNY,50.0,0%,0%,未知,,,,,,,,,,,,,,,,,,,,,Scenario_PainPoint
generark solar generator for homes,CNY,50.0,0%,0%,未知,,,,,,,,,,,,,,,,,,,,,Scenario_PainPoint
explorer 1500 portable generator,CNY,50.0,-100%,0%,未知,,,,,,,,,,,,,,,,,,,,,General_Search
expertpower portable power station,CNY,50.0,0%,0%,高,100.0,,,,,,,,,,,,,,,,,,,,General_Search
goal zero yeti 150 price,CNY,50.0,0%,0%,高,100.0,,,,,,,,,,,,,,,,,,,,Brand_Specific
expertpower 200 watt portable generator,CNY,50.0,∞,0%,高,100.0,,,,,,,,,,,,,,,,,,,,Spec_Wattage
e200 portable solar generator,CNY,50.0,0%,0%,高,100.0,,,,,,,,,,,,,,,,,,,,General_Search
eco flow max generator,CNY,50.0,0%,0%,未知,,,,,,,,,,,,,,,,,,,,,General_Search
eco worthy 84wh,CNY,50.0,-100%,0%,未知,,,,,,,,,,,,,,,,,,,,,Spec_Wattage
ecoflow 1260wh delta 1300 power solar battery station portable generator,CNY,50.0,∞,∞,中,57.0,,,,,,,,,,,,,,,,,,,,Brand_Specific
ecoflow delta 1800w portable battery generator,CNY,50.0,0%,0%,未知,,,,,,,,,,,,,,,,,,,,,Brand_Specific
ecoflow delta 2 hobotech,CNY,50.0,∞,0%,低,0.0,,,,,,,,,,,,,,,,,,,,Brand_Specific
ecoflow delta generator amazon,CNY,50.0,0%,0%,未知,,,,,,,,,,,,,,,,,,,,,Brand_Specific
ecoflow delta home generator,CNY,50.0,0%,∞,高,100.0,,,,,,,,,,,,,,,,,,,,Scenario_PainPoint
ecoflow delta max 2000 mobile power station,CNY,50.0,∞,0%,低,0.0,,,,,,,,,,,,,,,,,,,,Brand_Specific
ecoflow delta power generator,CNY,50.0,-100%,-100%,未知,,,,,,,,,,,,,,,,,,,,,Brand_Specific
ecoflow portable power station efdelta,CNY,50.0,0%,0%,高,86.0,,,,,,,,,,,,,,,,,,,,Brand_Specific
ecoflow river solar power rechargeable portable power station,CNY,50.0,∞,0%,低,0.0,,,,,,,,,,,,,,,,,,,,Brand_Specific
ecoflow tech mobile power station,CNY,50.0,0%,0%,未知,,,,,,,,,,,,,,,,,,,,,Brand_Specific
ecoflow wind power,CNY,50.0,∞,∞,高,86.0,,,,,,,,,,,,,,,,,,,,Brand_Specific
ef ecoflow delta max 1600 portable power station,CNY,50.0,-100%,0%,未知,,,,,,,,,,,,,,,,,,,,,Brand_Specific
duracell solar power generator,CNY,50.0,0%,0%,高,100.0,2.73,15.8,,,,,,,,,,,,,,,,,,General_Search
duracell powersource solar panel,CNY,50.0,∞,0%,高,67.0,,,,,,,,,,,,,,,,,,,,General_Search
duracell powersource quiet gasless portable power and solar generator,CNY,50.0,0%,0%,未知,,,,,,,,,,,,,,,,,,,,,General_Search
duracell powersource 1440 solar panel,CNY,50.0,-100%,0%,未知,,,,,,,,,,,,,,,,,,,,,General_Search
duracell 1440w power station,CNY,50.0,0%,0%,高,96.0,,,,,,,,,,,,,,,,,,,,Spec_Wattage
duracell 1800 watt generator,CNY,50.0,0%,0%,低,0.0,,,,,,,,,,,,,,,,,,,,Spec_Wattage
duracell 660 solar generator,CNY,50.0,-100%,-100%,未知,,,,,,,,,,,,,,,,,,,,,General_Search
duracell gasless portable power generator,CNY,50.0,0%,0%,未知,,,,,,,,,,,,,,,,,,,,,General_Search
duracell portable power and solar generator,CNY,50.0,-100%,0%,未知,,,,,,,,,,,,,,,,,,,,,General_Search
duracell portable power and solar generator 660 watt,CNY,50.0,0%,0%,未知,,,,,,,,,,,,,,,,,,,,,Spec_Wattage
duracell powersource 1440w portable generator,CNY,50.0,0%,0%,未知,,,,,,,,,,,,,,,,,,,,,Spec_Wattage
duracell powersource gasless sla solar generator,CNY,50.0,0%,0%,未知,,,,,,,,,,,,,,,,,,,,,General_Search
duracell powersource 1800 portable power station,CNY,50.0,0%,-100%,未知,,,,,,,,,,,,,,,,,,,,,General_Search
duracell powersource 1800 solar generator,CNY,50.0,0%,0%,低,0.0,,,,,,,,,,,,,,,,,,,,General_Search
duracell powersource 1800 solar power system,CNY,50.0,0%,-100%,未知,,,,,,,,,,,,,,,,,,,,,General_Search
duracell powersource 1800 watt gasless generator,CNY,50.0,∞,∞,高,100.0,,,,,,,,,,,,,,,,,,,,Spec_Wattage
duracell powersource 1800 watt peak,CNY,50.0,0%,-100%,未知,,,,,,,,,,,,,,,,,,,,,Spec_Wattage
duracell powersource 660 solar panel,CNY,50.0,0%,0%,高,100.0,,,,,,,,,,,,,,,,,,,,General_Search
ef ecoflow delta max 2000,CNY,50.0,0%,∞,中,48.0,,,,,,,,,,,,,,,,,,,,Brand_Specific
ef ecoflow delta max 2000 portable power station,CNY,50.0,-100%,0%,未知,,,,,,,,,,,,,,,,,,,,,Brand_Specific
ef ecoflow delta max 2000 portable power station 2016wh,CNY,50.0,∞,0%,低,0.0,,,,,,,,,,,,,,,,,,,,Brand_Specific
enerplex generator,CNY,50.0,0%,0%,低,0.0,,,,,,,,,,,,,,,,,,,,General_Search
energizer portable power station 320wh 300w,CNY,50.0,0%,-100%,未知,,,,,,,,,,,,,,,,,,,,,Spec_Wattage
energizer portable power station 600w,CNY,50.0,∞,∞,低,21.0,,,,,,,,,,,,,,,,,,,,Spec_Wattage
energizer portable power station pps320,CNY,50.0,0%,-100%,未知,,,,,,,,,,,,,,,,,,,,,General_Search
energizer portable power station solar generators,CNY,50.0,0%,-100%,未知,,,,,,,,,,,,,,,,,,,,,General_Search
energizer power station pps700,CNY,50.0,0%,0%,未知,,,,,,,,,,,,,,,,,,,,,General_Search
energizer solar generator 300w,CNY,50.0,0%,0%,未知,,,,,,,,,,,,,,,,,,,,,Spec_Wattage
enerplex generator 1200,CNY,50.0,0%,-100%,未知,,,,,,,,,,,,,,,,,,,,,General_Search
energizer portable power station 300w 320wh,CNY,50.0,0%,0%,未知,,,,,,,,,,,,,,,,,,,,,Spec_Wattage
enerplex generator y1200,CNY,50.0,-100%,-100%,未知,,,,,,,,,,,,,,,,,,,,,General_Search
enginstar 350w portable power station,CNY,50.0,-100%,-100%,未知,,,,,,,,,,,,,,,,,,,,,Spec_Wattage
enkeeo portable power station,CNY,50.0,-100%,-100%,未知,,,,,,,,,,,,,,,,,,,,,General_Search
enkeeo portable power station 155wh,CNY,50.0,0%,0%,未知,,,,,,,,,,,,,,,,,,,,,Spec_Wattage
enkeeo portable power supply,CNY,50.0,0%,0%,高,100.0,,,,,,,,,,,,,,,,,,,,General_Search
expert power solar generator,CNY,50.0,-100%,-100%,未知,,,,,,,,,,,,,,,,,,,,,General_Search
energizer portable power station 320wh,CNY,50.0,0%,0%,低,0.0,,,,,,,,,,,,,,,,,,,,Spec_Wattage
energizer portable power station 300w,CNY,50.0,0%,0%,高,100.0,,,,,,,,,,,,,,,,,,,,Spec_Wattage
ef ecoflow delta max 2000 solar generator,CNY,50.0,-100%,0%,未知,,,,,,,,,,,,,,,,,,,,,Brand_Specific
ef ecoflow portable power station river mini 210wh,CNY,50.0,-100%,0%,未知,,,,,,,,,,,,,,,,,,,,,Brand_Specific
ef ecoflow delta max 2000 solar generator 2016wh,CNY,50.0,0%,0%,高,100.0,,,,,,,,,,,,,,,,,,,,Brand_Specific
ef ecoflow efdelta,CNY,50.0,0%,∞,低,0.0,,,,,,,,,,,,,,,,,,,,Brand_Specific
ef ecoflow portable power station delta mini 882wh solar generator,CNY,50.0,-100%,0%,未知,,,,,,,,,,,,,,,,,,,,,Brand_Specific
ef ecoflow portable power station river 2 256wh lifepo4 battery,CNY,50.0,0%,0%,高,67.0,,,,,,,,,,,,,,,,,,,,Brand_Specific
ef ecoflow portable power station river 2 max 512wh,CNY,50.0,-100%,-100%,未知,,,,,,,,,,,,,,,,,,,,,Brand_Specific
ef ecoflow portable power station river 288wh,CNY,50.0,0%,0%,未知,,,,,,,,,,,,,,,,,,,,,Brand_Specific
ef ecoflow river max,CNY,50.0,-100%,0%,未知,,,,,,,,,,,,,,,,,,,,,Brand_Specific
energizer portable power generator,CNY,50.0,0%,0%,高,79.0,,,,,,,,,,,,,,,,,,,,General_Search
ef ecoflow solar generator delta max 2000,CNY,50.0,0%,∞,高,100.0,,,,,,,,,,,,,,,,,,,,Brand_Specific
efdelta backup power station,CNY,50.0,∞,∞,低,0.0,,,,,,,,,,,,,,,,,,,,General_Search
energiser solar generator,CNY,50.0,∞,∞,高,100.0,,,,,,,,,,,,,,,,,,,,General_Search
energizer 300w solar generator,CNY,50.0,0%,0%,未知,,,,,,,,,,,,,,,,,,,,,Spec_Wattage
energizer 320wh,CNY,50.0,-100%,-100%,未知,,,,,,,,,,,,,,,,,,,,,Spec_Wattage
energizer p320 solar generator,CNY,50.0,0%,0%,未知,,,,,,,,,,,,,,,,,,,,,General_Search
goal zero yeti 150 power supply,CNY,50.0,0%,0%,中,54.0,,,,,,,,,,,,,,,,,,,,Brand_Specific
goal zero yeti 150 wont charge,CNY,50.0,-100%,0%,未知,,,,,,,,,,,,,,,,,,,,,Brand_Specific
marbero m82 max,CNY,50.0,0%,0%,高,94.0,1.51,2.85,,,,,,,,,,,,,,,,,,General_Search
jackery 160 power station,CNY,50.0,0%,0%,高,93.0,,,,,,,,,,,,,,,,,,,,Brand_Specific
jackery portable power station 240wh,CNY,50.0,0%,-100%,未知,,,,,,,,,,,,,,,,,,,,,Brand_Specific
jackery portable power station 293wh lithium battery 110v 300w ac,CNY,50.0,0%,0%,高,93.0,,,,,,,,,,,,,,,,,,,,Brand_Specific
jackery portable power station explorer 1000 1002wh,CNY,50.0,0%,0%,未知,,,,,,,,,,,,,,,,,,,,,Brand_Specific
jackery portable power station explorer 1000 1002wh solar generator,CNY,50.0,0%,0%,未知,,,,,,,,,,,,,,,,,,,,,Brand_Specific
jackery portable power station explorer 240 240wh,CNY,50.0,0%,-100%,未知,,,,,,,,,,,,,,,,,,,,,Brand_Specific
jackery portable power station explorer 240 240wh backup lithium battery,CNY,50.0,0%,0%,高,95.0,,,,,,,,,,,,,,,,,,,,Brand_Specific
jackery portable power station explorer 300 293wh,CNY,50.0,0%,0%,高,100.0,,,,,,,,,,,,,,,,,,,,Brand_Specific
jackery portable power station explorer 300 293wh backup lithium battery,CNY,50.0,900%,0%,高,100.0,3.13,8.7,,,,,,,,,,,,,,,,,,Brand_Specific
jackery portable power station explorer 500 518wh,CNY,50.0,0%,0%,高,90.0,,,,,,,,,,,,,,,,,,,,Brand_Specific
jackery portable power station explorer 500 518wh outdoor solar generator,CNY,50.0,∞,0%,高,100.0,,,,,,,,,,,,,,,,,,,,Brand_Specific
jackery portable power station generator,CNY,50.0,-100%,0%,未知,,,,,,,,,,,,,,,,,,,,,Brand_Specific
jackery power pro,CNY,50.0,0%,0%,高,100.0,2.29,7.47,,,,,,,,,,,,,,,,,,Brand_Specific
jackery solar generator 1000 explorer 1000 and 2x solarsaga 100w,CNY,50.0,0%,0%,未知,,,,,,,,,,,,,,,,,,,,,Brand_Specific
jackery solar generator 1000 explorer 1000 solarsaga 100w,CNY,50.0,-100%,-100%,未知,,,,,,,,,,,,,,,,,,,,,Brand_Specific
jackery solar generator 1500 explorer 1500 solarsaga 100w,CNY,50.0,0%,0%,未知,,,,,,,,,,,,,,,,,,,,,Brand_Specific
jackery portable power 1500,CNY,50.0,∞,∞,高,100.0,,,,,,,,,,,,,,,,,,,,Brand_Specific
jackery outdoor power station,CNY,50.0,0%,0%,高,100.0,3.77,14.71,,,,,,,,,,,,,,,,,,Brand_Specific
jackery inverter efficiency,CNY,50.0,0%,0%,中,52.0,,,,,,,,,,,,,,,,,,,,Brand_Specific
jackery 880 home depot,CNY,50.0,-100%,0%,未知,,,,,,,,,,,,,,,,,,,,,Scenario_PainPoint
jackery 2000w pro solargenerator,CNY,50.0,0%,0%,未知,,,,,,,,,,,,,,,,,,,,,Brand_Specific
jackery 2000w solar generator,CNY,50.0,0%,0%,高,100.0,4.49,7.71,,,,,,,,,,,,,,,,,,Brand_Specific
jackery 2000w solargenerator,CNY,50.0,0%,0%,高,100.0,4.49,7.71,,,,,,,,,,,,,,,,,,Brand_Specific
jackery 290 wh power station,CNY,50.0,0%,0%,未知,,,,,,,,,,,,,,,,,,,,,Brand_Specific
jackery 500 solar charging,CNY,50.0,0%,-100%,未知,,,,,,,,,,,,,,,,,,,,,Brand_Specific
jackery 500w generator,CNY,50.0,0%,0%,中,57.0,,,,,,,,,,,,,,,,,,,,Brand_Specific
jackery charge tesla,CNY,50.0,0%,0%,低,10.0,,,,,,,,,,,,,,,,,,,,Brand_Specific
jackery going out of business,CNY,50.0,0%,0%,未知,,,,,,,,,,,,,,,,,,,,,Brand_Specific
jackery day 2022,CNY,50.0,0%,0%,未知,,,,,,,,,,,,,,,,,,,,,Brand_Specific
jackery event,CNY,50.0,0%,0%,未知,,,,,,,,,,,,,,,,,,,,,Brand_Specific
jackery explorer 2000 for sale,CNY,50.0,0%,∞,高,100.0,,,,,,,,,,,,,,,,,,,,Brand_Specific
jackery explorer 2000 portable power station for sale,CNY,50.0,0%,-100%,未知,,,,,,,,,,,,,,,,,,,,,Brand_Specific
jackery explorer 500 solar generator,CNY,50.0,0%,0%,高,73.0,2.49,11.09,,,,,,,,,,,,,,,,,,Brand_Specific
jackery founded,CNY,50.0,0%,0%,低,14.0,,,,,,,,,,,,,,,,,,,,Brand_Specific
jackery solar generator 1500 jackery 1500 4 x solarsaga 100w,CNY,50.0,0%,0%,未知,,,,,,,,,,,,,,,,,,,,,Brand_Specific
jackery solar generator 2000 jackery 2000 4 x solarsaga 200w,CNY,50.0,-100%,0%,未知,,,,,,,,,,,,,,,,,,,,,Brand_Specific
jackery solar generator 240 240wh backup lithium battery,CNY,50.0,∞,∞,高,100.0,,,,,,,,,,,,,,,,,,,,Brand_Specific
lipower portable power station 1000w,CNY,50.0,0%,-100%,未知,,,,,,,,,,,,,,,,,,,,,Spec_Wattage
leoch portable power station,CNY,50.0,0%,0%,高,100.0,,,,,,,,,,,,,,,,,,,,General_Search
lifepo4 power generator,CNY,50.0,-100%,-100%,未知,,,,,,,,,,,,,,,,,,,,,General_Search
lijueky portable power station,CNY,50.0,0%,0%,未知,,,,,,,,,,,,,,,,,,,,,General_Search
lipower 1000w,CNY,50.0,∞,0%,高,100.0,,,,,,,,,,,,,,,,,,,,Spec_Wattage
lipower 500w 472wh portable power station,CNY,50.0,0%,0%,未知,,,,,,,,,,,,,,,,,,,,,Spec_Wattage
lipower pa300 296wh portable power station,CNY,50.0,0%,0%,未知,,,,,,,,,,,,,,,,,,,,,Spec_Wattage
lithium ion battery solar generator,CNY,50.0,0%,0%,高,100.0,,,,,,,,,,,,,,,,,,,,General_Search
leoch 2048wh,CNY,50.0,0%,0%,未知,,,,,,,,,,,,,,,,,,,,,Spec_Wattage
lithium ion power generator,CNY,50.0,0%,∞,高,100.0,,,,,,,,,,,,,,,,,,,,General_Search
lithium portable power generator,CNY,50.0,0%,0%,未知,,,,,,,,,,,,,,,,,,,,,General_Search
lithium portable solar generator,CNY,50.0,0%,0%,高,100.0,2.76,4.76,,,,,,,,,,,,,,,,,,General_Search
macpower portable solar inverter,CNY,50.0,0%,0%,未知,,,,,,,,,,,,,,,,,,,,,General_Search
marbero 167wh portable power station,CNY,50.0,0%,0%,高,100.0,,,,,,,,,,,,,,,,,,,,Spec_Wattage
marbero 88wh portable power station 24000mah,CNY,50.0,0%,∞,低,0.0,,,,,,,,,,,,,,,,,,,,Spec_Wattage
leoch 2048wh portable battery power station,CNY,50.0,∞,0%,高,100.0,,,,,,,,,,,,,,,,,,,,Spec_Wattage
kyng solar,CNY,50.0,-100%,-100%,未知,,,,,,,,,,,,,,,,,,,,,General_Search
jackery solar generator 240 jackery 240 solarsaga 60w,CNY,50.0,0%,0%,未知,,,,,,,,,,,,,,,,,,,,,Brand_Specific
joyzis 300wh portable power station,CNY,50.0,0%,0%,未知,,,,,,,,,,,,,,,,,,,,,Spec_Wattage
jackery solar generator 300 explorer 300 solarsaga 100w,CNY,50.0,0%,0%,未知,,,,,,,,,,,,,,,,,,,,,Brand_Specific
jackery solar generator 300 jackery 300 solarsaga 100w,CNY,50.0,0%,0%,未知,,,,,,,,,,,,,,,,,,,,,Brand_Specific
jackery solar generator 500 jackery 500 solarsaga 100w,CNY,50.0,0%,0%,未知,,,,,,,,,,,,,,,,,,,,,Brand_Specific
jackery solar saga 200w,CNY,50.0,0%,0%,高,100.0,3.59,17.01,,,,,,,,,,,,,,,,,,Brand_Specific
jackery solar saga 60w,CNY,50.0,0%,0%,高,76.0,,,,,,,,,,,,,,,,,,,,Brand_Specific
joyzis 296wh portable power station,CNY,50.0,-100%,0%,未知,,,,,,,,,,,,,,,,,,,,,Spec_Wattage
joyzis bs100,CNY,50.0,∞,0%,低,24.0,,,,,,,,,,,,,,,,,,,,General_Search
kyng power station,CNY,50.0,0%,0%,高,100.0,,,,,,,,,,,,,,,,,,,,General_Search
joyzis solar generator,CNY,50.0,0%,0%,未知,,,,,,,,,,,,,,,,,,,,,General_Search
kingboss 600w,CNY,50.0,0%,0%,高,100.0,,,,,,,,,,,,,,,,,,,,Spec_Wattage
kohler portable solar generator,CNY,50.0,0%,0%,未知,,,,,,,,,,,,,,,,,,,,,General_Search
kyng 500w,CNY,50.0,0%,∞,低,0.0,,,,,,,,,,,,,,,,,,,,Spec_Wattage
kyng generator,CNY,50.0,0%,0%,低,0.0,,,,,,,,,,,,,,,,,,,,General_Search
kyng power portable power station 500w,CNY,50.0,-100%,-100%,未知,,,,,,,,,,,,,,,,,,,,,Spec_Wattage
jackery 2000 watt generator,CNY,50.0,0%,0%,高,100.0,4.99,12.49,,,,,,,,,,,,,,,,,,Brand_Specific
jackery 1500 refrigerator,CNY,50.0,0%,∞,中,47.0,,,,,,,,,,,,,,,,,,,,Scenario_PainPoint
goal zero yeti 1500x not charging,CNY,50.0,0%,0%,低,0.0,,,,,,,,,,,,,,,,,,,,Brand_Specific
jackery 1200w,CNY,50.0,0%,0%,高,86.0,3.75,9.34,,,,,,,,,,,,,,,,,,Brand_Specific
gocheer 1000w portable power station,CNY,50.0,-100%,0%,未知,,,,,,,,,,,,,,,,,,,,,Spec_Wattage
gofort 330w portable power station,CNY,50.0,0%,∞,高,74.0,,,,,,,,,,,,,,,,,,,,Spec_Wattage
gofort power station,CNY,50.0,0%,0%,高,81.0,,,,,,,,,,,,,,,,,,,,General_Search
gofort solar power station,CNY,50.0,0%,-100%,未知,,,,,,,,,,,,,,,,,,,,,General_Search
golabs portable power station 204wh,CNY,50.0,∞,∞,低,19.0,,,,,,,,,,,,,,,,,,,,Spec_Wattage
golabs portable power station 299wh,CNY,50.0,0%,∞,高,86.0,,,,,,,,,,,,,,,,,,,,Spec_Wattage
golabs portable power station r500,CNY,50.0,-100%,0%,未知,,,,,,,,,,,,,,,,,,,,,General_Search
golabs r150 portable power station 204wh,CNY,50.0,0%,0%,未知,,,,,,,,,,,,,,,,,,,,,Spec_Wattage
golabs r500 portable power station,CNY,50.0,0%,0%,高,94.0,,,,,,,,,,,,,,,,,,,,General_Search
gold yeti 3000x,CNY,50.0,∞,0%,高,100.0,,,,,,,,,,,,,,,,,,,,General_Search
goneo silent 1000w 1016wh power station,CNY,50.0,0%,0%,未知,,,,,,,,,,,,,,,,,,,,,Spec_Wattage
gooloo p300,CNY,50.0,0%,0%,高,95.0,,,,,,,,,,,,,,,,,,,,General_Search
gooloo portable power station p300,CNY,50.0,0%,-100%,未知,,,,,,,,,,,,,,,,,,,,,General_Search
grecell power supply,CNY,50.0,0%,0%,高,100.0,,,,,,,,,,,,,,,,,,,,General_Search
grecell t 300,CNY,50.0,0%,0%,中,62.0,,,,,,,,,,,,,,,,,,,,General_Search
goal zero yeti waterproof,CNY,50.0,-100%,0%,未知,,,,,,,,,,,,,,,,,,,,,Brand_Specific
goal zero yeti solar,CNY,50.0,-100%,-100%,未知,,,,,,,,,,,,,,,,,,,,,Brand_Specific
goal zero yeti 6000x price,CNY,50.0,0%,0%,高,100.0,,,,,,,,,,,,,,,,,,,,Brand_Specific
goal zero yeti 400 lead acid,CNY,50.0,0%,0%,中,33.0,,,,,,,,,,,,,,,,,,,,Brand_Specific
goal zero yeti 1800,CNY,50.0,∞,∞,高,100.0,,,,,,,,,,,,,,,,,,,,Brand_Specific
goal zero yeti 200x cpap,CNY,50.0,0%,-100%,未知,,,,,,,,,,,,,,,,,,,,,Scenario_PainPoint
goal zero yeti 3000 generator,CNY,50.0,0%,0%,低,0.0,,,,,,,,,,,,,,,,,,,,Brand_Specific
goal zero yeti 3000 not charging,CNY,50.0,0%,0%,低,0.0,,,,,,,,,,,,,,,,,,,,Brand_Specific
goal zero yeti 3000 solar generator,CNY,50.0,∞,∞,高,100.0,,,,,,,,,,,,,,,,,,,,Brand_Specific
goal zero yeti 400 ac,CNY,50.0,∞,0%,低,0.0,,,,,,,,,,,,,,,,,,,,Brand_Specific
goal zero yeti 400 not charging,CNY,50.0,0%,0%,低,0.0,,,,,,,,,,,,,,,,,,,,Brand_Specific
goal zero yeti 6000x amazon,CNY,50.0,0%,0%,高,100.0,,,,,,,,,,,,,,,,,,,,Brand_Specific
goal zero yeti 400 power station,CNY,50.0,0%,0%,中,45.0,,,,,,,,,,,,,,,,,,,,Brand_Specific
goal zero yeti 400 price,CNY,50.0,0%,0%,低,27.0,,,,,,,,,,,,,,,,,,,,Brand_Specific
goal zero yeti 400 solar,CNY,50.0,∞,0%,高,86.0,,,,,,,,,,,,,,,,,,,,Brand_Specific
goal zero yeti 50,CNY,50.0,0%,0%,中,61.0,,,,,,,,,,,,,,,,,,,,Brand_Specific
goal zero yeti 500x solar,CNY,50.0,-100%,0%,未知,,,,,,,,,,,,,,,,,,,,,Brand_Specific
goal zero yeti 500x solar generator,CNY,50.0,-100%,0%,未知,,,,,,,,,,,,,,,,,,,,,Brand_Specific
grid eraser portable solar generator,CNY,50.0,∞,0%,高,67.0,,,,,,,,,,,,,,,,,,,,General_Search
ground zero solar generator,CNY,50.0,-100%,-100%,未知,,,,,,,,,,,,,,,,,,,,,General_Search
gxngau,CNY,50.0,0%,0%,未知,,,,,,,,,,,,,,,,,,,,,General_Search
iprigent portable solar generator,CNY,50.0,-100%,0%,未知,,,,,,,,,,,,,,,,,,,,,General_Search
igen300s portable power station,CNY,50.0,0%,0%,高,100.0,,,,,,,,,,,,,,,,,,,,General_Search
igen300s westinghouse,CNY,50.0,∞,0%,高,100.0,,,,,,,,,,,,,,,,,,,,General_Search
igen600s portable power station,CNY,50.0,0%,0%,高,100.0,,,,,,,,,,,,,,,,,,,,General_Search
inergy apex portable solar power station,CNY,50.0,∞,0%,低,15.0,,,,,,,,,,,,,,,,,,,,General_Search
inergy kodiak not charging,CNY,50.0,0%,0%,低,0.0,,,,,,,,,,,,,,,,,,,,General_Search
ipower sua4500,CNY,50.0,0%,0%,中,36.0,,,,,,,,,,,,,,,,,,,,General_Search
irozce 1000w,CNY,50.0,0%,0%,未知,,,,,,,,,,,,,,,,,,,,,Spec_Wattage
igen160s power station,CNY,50.0,0%,0%,高,93.0,,,,,,,,,,,,,,,,,,,,General_Search
irozce 300w,CNY,50.0,-100%,0%,未知,,,,,,,,,,,,,,,,,,,,,Spec_Wattage
irozce 300w portable power station,CNY,50.0,-100%,0%,未知,,,,,,,,,,,,,,,,,,,,,Spec_Wattage
irozce portable power station explorer 1000,CNY,50.0,0%,0%,未知,,,,,,,,,,,,,,,,,,,,,General_Search
itehil solar generator,CNY,50.0,∞,0%,高,100.0,,,,,,,,,,,,,,,,,,,,General_Search
jackery 1000 discount,CNY,50.0,0%,0%,未知,,,,,,,,,,,,,,,,,,,,,Brand_Specific
jackery 1000 space heater,CNY,50.0,-100%,-100%,未知,,,,,,,,,,,,,,,,,,,,,Brand_Specific
igen200s portable power station,CNY,50.0,0%,0%,高,100.0,,,,,,,,,,,,,,,,,,,,General_Search
igen1000s portable power station,CNY,50.0,0%,0%,高,100.0,,,,,,,,,,,,,,,,,,,,General_Search
hobotech bluetti eb3a,CNY,50.0,0%,0%,未知,,,,,,,,,,,,,,,,,,,,,Brand_Specific
homemade portable solar generator,CNY,50.0,0%,0%,低,0.0,,,,,,,,,,,,,,,,,,,,Scenario_PainPoint
hobotech eb3a,CNY,50.0,0%,0%,未知,,,,,,,,,,,,,,,,,,,,,General_Search
hobotech jackery 1000,CNY,50.0,0%,-100%,未知,,,,,,,,,,,,,,,,,,,,,Brand_Specific
hobotech pecron,CNY,50.0,0%,0%,低,29.0,,,,,,,,,,,,,,,,,,,,Brand_Specific
hobotech solar generator,CNY,50.0,0%,∞,高,71.0,,,,,,,,,,,,,,,,,,,,General_Search
homegrid 5000hd,CNY,50.0,0%,0%,未知,,,,,,,,,,,,,,,,,,,,,Scenario_PainPoint
homegrid 5000hd portable solar generator,CNY,50.0,0%,0%,低,0.0,,,,,,,,,,,,,,,,,,,,Scenario_PainPoint
honda portable solar generator,CNY,50.0,0%,0%,高,100.0,,,,,,,,,,,,,,,,,,,,General_Search
iforway solar generator,CNY,50.0,0%,0%,未知,,,,,,,,,,,,,,,,,,,,,General_Search
hopwinn power,CNY,50.0,0%,0%,未知,,,,,,,,,,,,,,,,,,,,,General_Search
hopwinn powerstation,CNY,50.0,-100%,-100%,未知,,,,,,,,,,,,,,,,,,,,,General_Search
howeasy 120w portable power station,CNY,50.0,0%,0%,低,0.0,,,,,,,,,,,,,,,,,,,,Spec_Wattage
ideaplay sn2200,CNY,50.0,0%,0%,低,32.0,,,,,,,,,,,,,,,,,,,,General_Search
iforway 1228wh portable power station,CNY,50.0,-100%,0%,未知,,,,,,,,,,,,,,,,,,,,,Spec_Wattage
iforway portable solar generator,CNY,50.0,0%,0%,中,64.0,,,,,,,,,,,,,,,,,,,,General_Search
anker 521 solar charging,CNY,50.0,0%,0%,低,29.0,,,,,,,,,,,,,,,,,,,,Brand_Specific
200w generator,CNY,50.0,0%,0%,高,100.0,2.27,33.62,,,,,,,,,,,,,,,,,,Spec_Wattage
portable 505wh power station with 500w inverter,CNY,50.0,0%,0%,未知,,,,,,,,,,,,,,,,,,,,,Spec_Wattage
jackery explorer 2000 portable power station,CNY,50.0,0%,0%,高,97.0,4.73,10.03,,,,,,,,,,,,,,,,,,Brand_Specific
bluetti solar battery,CNY,50.0,0%,0%,高,100.0,2.95,12.14,,,,,,,,,,,,,,,,,,Brand_Specific
portable solar generator costco,CNY,50.0,0%,0%,高,100.0,2.35,12.75,,,,,,,,,,,,,,,,,,General_Search
powerstation 3000 wh,CNY,50.0,0%,0%,高,100.0,,,,,,,,,,,,,,,,,,,,Spec_Wattage
jackery pro deal,CNY,50.0,0%,0%,高,94.0,6.71,25.77,,,,,,,,,,,,,,,,,,Brand_Specific
3000 watt portable solar generator,CNY,50.0,0%,0%,高,100.0,1.95,13.42,,,,,,,,,,,,,,,,,,Spec_Wattage
fastest charging solar generator,CNY,50.0,0%,0%,高,100.0,2.48,14.89,,,,,,,,,,,,,,,,,,General_Search
westinghouse igen300s,CNY,50.0,-90%,0%,高,81.0,,,,,,,,,,,,,,,,,,,,General_Search
personal solar generator,CNY,50.0,0%,0%,高,100.0,2.62,13.65,,,,,,,,,,,,,,,,,,General_Search
river solar generator,CNY,50.0,0%,0%,高,93.0,,,,,,,,,,,,,,,,,,,,General_Search
3kw portable power station,CNY,50.0,0%,0%,高,100.0,3.32,11.95,,,,,,,,,,,,,,,,,,General_Search
ecoflow tech delta 1000 power station with solar panel,CNY,50.0,0%,∞,低,0.0,,,,,,,,,,,,,,,,,,,,Brand_Specific
highest watt solar generator,CNY,50.0,0%,0%,高,100.0,,,,,,,,,,,,,,,,,,,,General_Search
yeti generator 6000,CNY,50.0,0%,0%,高,100.0,,,,,,,,,,,,,,,,,,,,General_Search
portable generator power station,CNY,50.0,0%,900%,高,98.0,2.79,7.24,,,,,,,,,,,,,,,,,,General_Search
largest portable solar generator,CNY,50.0,0%,0%,高,100.0,2.6,13.75,,,,,,,,,,,,,,,,,,General_Search
eb3a solar generator,CNY,50.0,0%,-100%,未知,,,,,,,,,,,,,,,,,,,,,General_Search
ecoflow max generator,CNY,50.0,0%,0%,高,100.0,1.31,6.04,,,,,,,,,,,,,,,,,,Brand_Specific
dual solar and gas generator,CNY,50.0,0%,0%,高,100.0,1.86,13.43,,,,,,,,,,,,,,,,,,General_Search
power station delta 2,CNY,50.0,0%,0%,高,98.0,0.81,4.74,,,,,,,,,,,,,,,,,,General_Search
jackery generator solar,CNY,50.0,900%,900%,高,100.0,2.66,21.43,,,,,,,,,,,,,,,,,,Brand_Specific
jackery solarsaga 60w,CNY,50.0,0%,0%,中,58.0,,,,,,,,,,,,,,,,,,,,Brand_Specific
delta ecoflow generator,CNY,50.0,0%,0%,高,98.0,2.1,12.77,,,,,,,,,,,,,,,,,,Brand_Specific
zendure generator,CNY,50.0,0%,∞,高,67.0,,,,,,,,,,,,,,,,,,,,General_Search
10 best solar generators,CNY,50.0,0%,0%,高,100.0,3.71,21.04,,,,,,,,,,,,,,,,,,General_Search
jackery portable power station with solar panels,CNY,50.0,0%,-90%,高,99.0,2.49,12.76,,,,,,,,,,,,,,,,,,Brand_Specific
mobile powerstation solar,CNY,50.0,0%,-90%,高,100.0,3.49,15.35,,,,,,,,,,,,,,,,,,General_Search
renogy generator,CNY,50.0,0%,0%,高,100.0,2.73,11.87,,,,,,,,,,,,,,,,,,General_Search
yeti goal zero solar generator,CNY,50.0,0%,0%,高,100.0,,,,,,,,,,,,,,,,,,,,Brand_Specific
jackery 2000 watt peak output explorer 880wh portable power station,CNY,50.0,0%,0%,未知,,,,,,,,,,,,,,,,,,,,,Brand_Specific
battery generator with solar panel,CNY,50.0,900%,900%,高,100.0,4.16,21.44,,,,,,,,,,,,,,,,,,General_Search
solar generators on amazon,CNY,50.0,900%,900%,高,99.0,1.14,7.31,,,,,,,,,,,,,,,,,,General_Search
jackery explorer 880 power station 1000 watt continuous,CNY,50.0,-100%,-100%,未知,,,,,,,,,,,,,,,,,,,,,Brand_Specific
portable power station with solar,CNY,50.0,0%,0%,高,100.0,3.49,11.71,,,,,,,,,,,,,,,,,,General_Search
500 watt jackery,CNY,50.0,0%,0%,高,100.0,2.23,9.19,,,,,,,,,,,,,,,,,,Brand_Specific
rockpals 1300w portable power station,CNY,50.0,0%,0%,高,70.0,,,,,,,,,,,,,,,,,,,,Spec_Wattage
ecoflow 3000 watts,CNY,50.0,0%,0%,高,100.0,0.8,5.26,,,,,,,,,,,,,,,,,,Brand_Specific
solar generator 3500 watt,CNY,50.0,0%,0%,高,100.0,2.17,6.86,,,,,,,,,,,,,,,,,,Spec_Wattage
solar powerstation 1000 watt,CNY,50.0,0%,0%,未知,,,,,,,,,,,,,,,,,,,,,Spec_Wattage
black friday jackery deals,CNY,50.0,∞,0%,高,100.0,,,,,,,,,,,,,,,,,,,,Brand_Specific
best emergency solar generator,CNY,50.0,0%,0%,高,100.0,3.79,20.72,,,,,,,,,,,,,,,,,,Scenario_PainPoint
bluetti 2000 watt solar generator,CNY,50.0,0%,0%,高,100.0,,,,,,,,,,,,,,,,,,,,Brand_Specific
best solar generator for cpap camping,CNY,50.0,0%,0%,中,35.0,3.68,12.72,,,,,,,,,,,,,,,,,,Scenario_PainPoint
solar generator for cpap,CNY,50.0,0%,0%,高,88.0,,,,,,,,,,,,,,,,,,,,Scenario_PainPoint
jackery solar generator 200w,CNY,50.0,0%,0%,高,88.0,,,,,,,,,,,,,,,,,,,,Brand_Specific
ecoflow delta 1800 solar generator,CNY,50.0,0%,-100%,未知,,,,,,,,,,,,,,,,,,,,,Brand_Specific
best ecoflow generator,CNY,50.0,0%,0%,高,100.0,2.21,14.22,,,,,,,,,,,,,,,,,,Brand_Specific
yeti 6000x price,CNY,50.0,0%,-100%,未知,,,,,,,,,,,,,,,,,,,,,General_Search
goal zero yeti 200x solar generator,CNY,50.0,0%,0%,低,0.0,,,,,,,,,,,,,,,,,,,,Brand_Specific
best affordable solar generator,CNY,50.0,0%,900%,高,100.0,2.94,14.82,,,,,,,,,,,,,,,,,,General_Search
amazon jackery solar generator,CNY,50.0,0%,0%,高,100.0,8.1,15.52,,,,,,,,,,,,,,,,,,Brand_Specific
bluetti solar system,CNY,50.0,0%,0%,高,100.0,3.68,22.56,,,,,,,,,,,,,,,,,,Brand_Specific
bluetti 1500w,CNY,50.0,0%,0%,高,100.0,2.68,10.93,,,,,,,,,,,,,,,,,,Brand_Specific
solar panel generator amazon,CNY,50.0,0%,0%,高,100.0,1.03,19.75,,,,,,,,,,,,,,,,,,General_Search
best home inverter generator,CNY,50.0,0%,0%,高,100.0,2.01,6.98,,,,,,,,,,,,,,,,,,Scenario_PainPoint
strongest solar generator,CNY,50.0,0%,0%,高,100.0,3.68,16.67,,,,,,,,,,,,,,,,,,General_Search
bluetti solar power,CNY,50.0,0%,0%,高,95.0,4.02,12.98,,,,,,,,,,,,,,,,,,Brand_Specific
ef ecoflow delta 2 portable power station 1024wh lifepo4 battery,CNY,50.0,∞,∞,低,0.0,,,,,,,,,,,,,,,,,,,,Brand_Specific
goal zero backup generator,CNY,50.0,0%,0%,高,100.0,,,,,,,,,,,,,,,,,,,,Brand_Specific
jackery explorer 550 portable power station,CNY,50.0,0%,0%,高,82.0,2.75,6.1,,,,,,,,,,,,,,,,,,Brand_Specific
rockpals freeman 600,CNY,50.0,0%,0%,中,54.0,,,,,,,,,,,,,,,,,,,,General_Search
explorer 240 portable power station,CNY,50.0,-100%,-100%,未知,,,,,,,,,,,,,,,,,,,,,General_Search
200w portable power station,CNY,50.0,0%,0%,高,100.0,2.13,8.85,,,,,,,,,,,,,,,,,,Spec_Wattage
patriot solar powered portable generator 1500,CNY,50.0,-100%,-100%,未知,,,,,,,,,,,,,,,,,,,,,General_Search
bluetti solar generator ac200,CNY,50.0,0%,-100%,未知,,,,,,,,,,,,,,,,,,,,,Brand_Specific
champion solar generator,CNY,50.0,0%,0%,高,100.0,2.15,9.13,,,,,,,,,,,,,,,,,,General_Search
the patriot power generator,CNY,50.0,0%,0%,高,100.0,2.75,17.33,,,,,,,,,,,,,,,,,,General_Search
portable power station 4000w,CNY,50.0,0%,0%,高,100.0,2.63,16.85,,,,,,,,,,,,,,,,,,Spec_Wattage
1000 jackery,CNY,50.0,0%,0%,高,100.0,3.43,8.05,,,,,,,,,,,,,,,,,,Brand_Specific
pecron q3000s,CNY,50.0,0%,0%,中,52.0,,,,,,,,,,,,,,,,,,,,Brand_Specific
anker solar power generator,CNY,50.0,0%,0%,高,100.0,3.16,13.28,,,,,,,,,,,,,,,,,,Brand_Specific
jackery solar generator power outdoors,CNY,50.0,0%,0%,高,100.0,2.58,15.41,,,,,,,,,,,,,,,,,,Brand_Specific
bluetti power station 500wh,CNY,50.0,∞,0%,高,100.0,,,,,,,,,,,,,,,,,,,,Brand_Specific
portable solar power system for home,CNY,50.0,0%,0%,高,100.0,4.06,30.1,,,,,,,,,,,,,,,,,,Scenario_PainPoint
bluetti power generator,CNY,50.0,0%,0%,高,100.0,3.2,11.59,,,,,,,,,,,,,,,,,,Brand_Specific
jackery explorer 290 portable power solar generator black,CNY,50.0,0%,0%,高,100.0,,,,,,,,,,,,,,,,,,,,Brand_Specific
jackery power station 1500,CNY,50.0,0%,0%,高,100.0,3.1,8.49,,,,,,,,,,,,,,,,,,Brand_Specific
yeti generator 1000,CNY,50.0,0%,0%,高,100.0,,,,,,,,,,,,,,,,,,,,General_Search
best solar generator under 1000,CNY,50.0,0%,0%,高,100.0,3.57,10.74,,,,,,,,,,,,,,,,,,General_Search
2400 watt solar generator,CNY,50.0,0%,0%,高,100.0,2.13,7.29,,,,,,,,,,,,,,,,,,Spec_Wattage
ecoflow delta pro whole house generator,CNY,50.0,0%,0%,高,100.0,9.69,39.03,,,,,,,,,,,,,,,,,,Brand_Specific
rv portable power station,CNY,50.0,0%,0%,高,100.0,2.23,10.03,,,,,,,,,,,,,,,,,,Scenario_PainPoint
solar generator 1000,CNY,50.0,0%,0%,高,100.0,,,,,,,,,,,,,,,,,,,,General_Search
jackery power inverter,CNY,50.0,900%,900%,高,100.0,2.93,6.97,,,,,,,,,,,,,,,,,,Brand_Specific
best emergency solar power generator,CNY,50.0,0%,0%,高,100.0,3.79,20.72,,,,,,,,,,,,,,,,,,Scenario_PainPoint
best solar battery generator,CNY,50.0,0%,0%,高,100.0,2.88,12.56,,,,,,,,,,,,,,,,,,General_Search
bluetti 220v,CNY,50.0,0%,0%,高,100.0,3.29,6.87,,,,,,,,,,,,,,,,,,Brand_Specific
best price solar generator,CNY,50.0,0%,0%,高,100.0,,,,,,,,,,,,,,,,,,,,General_Search
jackery solar generator 300w,CNY,50.0,0%,0%,高,100.0,2.41,6.94,,,,,,,,,,,,,,,,,,Brand_Specific
1000w jackery,CNY,50.0,0%,0%,高,100.0,3.15,7.83,,,,,,,,,,,,,,,,,,Brand_Specific
jackery 1000 price,CNY,50.0,0%,0%,高,100.0,5.04,8.05,,,,,,,,,,,,,,,,,,Brand_Specific
jackery bluetti,CNY,50.0,0%,0%,高,100.0,2.8,9.4,,,,,,,,,,,,,,,,,,Brand_Specific
the jackery 2000,CNY,50.0,0%,0%,高,100.0,,,,,,,,,,,,,,,,,,,,Brand_Specific
rockpals power station,CNY,50.0,0%,0%,高,100.0,1.59,12.08,,,,,,,,,,,,,,,,,,General_Search
geneverse solar generator price,CNY,50.0,0%,0%,中,43.0,,,,,,,,,,,,,,,,,,,,General_Search
solar rechargeable generator,CNY,50.0,0%,0%,高,100.0,2.8,9.54,,,,,,,,,,,,,,,,,,General_Search
best cheap solar generator,CNY,50.0,0%,0%,高,100.0,2.97,9.37,,,,,,,,,,,,,,,,,,General_Search
geneverse homepower one battery backup power source,CNY,50.0,0%,0%,未知,,,,,,,,,,,,,,,,,,,,,Scenario_PainPoint
jackery 500 sale,CNY,50.0,0%,0%,高,100.0,3.9,13.54,,,,,,,,,,,,,,,,,,Brand_Specific
rockpal 300w,CNY,50.0,0%,0%,高,86.0,,,,,,,,,,,,,,,,,,,,Spec_Wattage
yeti generator 1500,CNY,50.0,0%,0%,高,100.0,,,,,,,,,,,,,,,,,,,,General_Search
allpowers portable generator 288wh,CNY,50.0,0%,0%,未知,,,,,,,,,,,,,,,,,,,,,Spec_Wattage
solar generator black friday deals,CNY,50.0,0%,∞,高,100.0,,,,,,,,,,,,,,,,,,,,General_Search
anker generator 757,CNY,50.0,0%,0%,未知,,,,,,,,,,,,,,,,,,,,,Brand_Specific
jackery explorer 290w,CNY,50.0,-100%,-100%,未知,,,,,,,,,,,,,,,,,,,,,Brand_Specific
solar generator with lifepo4 battery,CNY,50.0,0%,0%,高,100.0,1.58,32.28,,,,,,,,,,,,,,,,,,General_Search
best solar generator for emergency home use,CNY,50.0,0%,0%,高,100.0,3.38,38.37,,,,,,,,,,,,,,,,,,Scenario_PainPoint
rockpals 250 watt portable generator,CNY,50.0,0%,0%,中,43.0,,,,,,,,,,,,,,,,,,,,Spec_Wattage
oupes 1800w solar generator,CNY,50.0,0%,0%,高,100.0,,,,,,,,,,,,,,,,,,,,Spec_Wattage
best mini solar generator,CNY,50.0,0%,0%,高,100.0,2.94,5.93,,,,,,,,,,,,,,,,,,General_Search
jackery explorer 1000 amazon,CNY,50.0,0%,0%,高,89.0,6.23,14.42,,,,,,,,,,,,,,,,,,Brand_Specific
gofort portable power station,CNY,50.0,0%,0%,高,99.0,2.17,11.75,,,,,,,,,,,,,,,,,,General_Search
powerstation camping 1000 watt,CNY,50.0,0%,0%,未知,,,,,,,,,,,,,,,,,,,,,Scenario_PainPoint
oukitel p2001 solar generator 2000w,CNY,50.0,0%,0%,未知,,,,,,,,,,,,,,,,,,,,,Spec_Wattage
black friday deals on solar generators,CNY,50.0,∞,0%,高,100.0,,,,,,,,,,,,,,,,,,,,General_Search
2kw portable power station,CNY,50.0,0%,0%,高,100.0,3.08,13.12,,,,,,,,,,,,,,,,,,General_Search
jackery system,CNY,50.0,900%,900%,高,100.0,3.5,17.26,,,,,,,,,,,,,,,,,,Brand_Specific
ecoflow generators for sale,CNY,50.0,0%,0%,高,99.0,1.31,22.12,,,,,,,,,,,,,,,,,,Brand_Specific
12000 watt solar generator,CNY,50.0,0%,0%,高,100.0,2.32,10.74,,,,,,,,,,,,,,,,,,Spec_Wattage
jackery outdoors,CNY,50.0,0%,0%,高,99.0,3.82,16.03,,,,,,,,,,,,,,,,,,Brand_Specific
golabs portable power station,CNY,50.0,0%,0%,高,92.0,,,,,,,,,,,,,,,,,,,,General_Search
jackery explorer 290 portable power solar generator,CNY,50.0,0%,-90%,中,57.0,,,,,,,,,,,,,,,,,,,,Brand_Specific
solar powered generator for indoor use,CNY,50.0,0%,0%,高,95.0,4.1,23.53,,,,,,,,,,,,,,,,,,General_Search
best battery solar generator,CNY,50.0,0%,0%,高,100.0,3.72,16.33,,,,,,,,,,,,,,,,,,General_Search
power station 3000w,CNY,50.0,0%,0%,高,100.0,4.41,13.39,,,,,,,,,,,,,,,,,,Spec_Wattage
best large solar generator,CNY,50.0,0%,0%,高,100.0,2.89,11.25,,,,,,,,,,,,,,,,,,General_Search
600 watt solar generator,CNY,50.0,0%,0%,高,100.0,2.14,6.24,,,,,,,,,,,,,,,,,,Spec_Wattage
bluetti 1000w 1500wh portable solar power station,CNY,50.0,0%,-100%,未知,,,,,,,,,,,,,,,,,,,,,Brand_Specific
patriot power generator cost,CNY,50.0,0%,0%,高,100.0,0.86,5.82,,,,,,,,,,,,,,,,,,General_Search
used jackery for sale,CNY,50.0,0%,0%,高,100.0,0.89,7.25,,,,,,,,,,,,,,,,,,Brand_Specific
a jackery,CNY,50.0,0%,0%,高,97.0,2.04,4.75,,,,,,,,,,,,,,,,,,Brand_Specific
jackery power station solar,CNY,50.0,0%,0%,高,98.0,2.72,10.24,,,,,,,,,,,,,,,,,,Brand_Specific
portable power generator with solar panel,CNY,50.0,0%,0%,高,100.0,3.44,8.99,,,,,,,,,,,,,,,,,,General_Search
jackery power station solar panel,CNY,50.0,0%,0%,高,100.0,2.02,5.83,,,,,,,,,,,,,,,,,,Brand_Specific
aimtom portable power station,CNY,50.0,0%,0%,高,88.0,,,,,,,,,,,,,,,,,,,,General_Search
solar panels for emergency power,CNY,50.0,0%,0%,高,100.0,4.17,40.01,,,,,,,,,,,,,,,,,,Scenario_PainPoint
jackery 500 best price,CNY,50.0,-100%,-100%,未知,,,,,,,,,,,,,,,,,,,,,Brand_Specific
best battery generator 2022,CNY,50.0,0%,0%,未知,,,,,,,,,,,,,,,,,,,,,General_Search
ecoflow max power station,CNY,50.0,900%,900%,高,100.0,1.32,6.92,,,,,,,,,,,,,,,,,,Brand_Specific
oupes 2400w portable power station,CNY,50.0,0%,-90%,高,100.0,2.68,7.96,,,,,,,,,,,,,,,,,,Spec_Wattage
anker 555 solar generator,CNY,50.0,0%,0%,中,43.0,,,,,,,,,,,,,,,,,,,,Brand_Specific
ef delta generator,CNY,50.0,0%,0%,高,100.0,,,,,,,,,,,,,,,,,,,,General_Search
the jackery solar generator,CNY,50.0,-90%,-90%,高,100.0,2.91,25.87,,,,,,,,,,,,,,,,,,Brand_Specific
jackery power station 2000,CNY,50.0,0%,900%,高,100.0,5.37,11.74,,,,,,,,,,,,,,,,,,Brand_Specific
lion safari solar generator,CNY,50.0,0%,0%,高,100.0,,,,,,,,,,,,,,,,,,,,General_Search
yeti solar battery,CNY,50.0,0%,0%,高,96.0,0.74,8.31,,,,,,,,,,,,,,,,,,General_Search
best 1800 watt solar generator,CNY,50.0,0%,0%,高,100.0,,,,,,,,,,,,,,,,,,,,Spec_Wattage
compact solar generator,CNY,50.0,0%,900%,高,100.0,2.34,9.12,,,,,,,,,,,,,,,,,,General_Search
solar battery powered generator,CNY,50.0,0%,0%,高,100.0,3.44,19.53,,,,,,,,,,,,,,,,,,General_Search
240 solar generator,CNY,50.0,0%,0%,高,100.0,2.14,9.72,,,,,,,,,,,,,,,,,,General_Search
best solar generator with panels included,CNY,50.0,0%,0%,高,100.0,3.61,16.64,,,,,,,,,,,,,,,,,,General_Search
best 500 watt solar generator,CNY,50.0,-100%,-100%,未知,,,,,,,,,,,,,,,,,,,,,Spec_Wattage
100ah portable power station,CNY,50.0,0%,0%,高,100.0,2.29,14.54,,,,,,,,,,,,,,,,,,General_Search
yeti 3000 generator,CNY,50.0,0%,0%,高,100.0,1.27,7.65,,,,,,,,,,,,,,,,,,General_Search
power station portable solar,CNY,50.0,0%,0%,高,100.0,2.64,10.3,,,,,,,,,,,,,,,,,,General_Search
portable generator solar power station,CNY,50.0,0%,0%,高,100.0,,,,,,,,,,,,,,,,,,,,General_Search
top solar powered generators,CNY,50.0,0%,0%,高,96.0,3.13,20.49,,,,,,,,,,,,,,,,,,General_Search
9000 watt solar generator,CNY,50.0,0%,0%,高,100.0,1.51,15.23,,,,,,,,,,,,,,,,,,Spec_Wattage
power outdoors jackery,CNY,50.0,0%,0%,高,100.0,4.28,5.97,,,,,,,,,,,,,,,,,,Brand_Specific
jackery 1000 watt generator,CNY,50.0,0%,0%,高,100.0,2.7,6.71,,,,,,,,,,,,,,,,,,Brand_Specific
lifepo4 solar power station,CNY,50.0,0%,0%,高,99.0,,,,,,,,,,,,,,,,,,,,General_Search
jackery 2000 for sale,CNY,50.0,0%,0%,高,100.0,5.37,23.63,,,,,,,,,,,,,,,,,,Brand_Specific
portable power station 1500 watts,CNY,50.0,0%,0%,高,99.0,2.52,5.86,,,,,,,,,,,,,,,,,,Spec_Wattage
oneup solar generator,CNY,50.0,0%,0%,高,100.0,,,,,,,,,,,,,,,,,,,,General_Search
bougerv portable power station,CNY,50.0,0%,0%,高,100.0,2.8,20.11,,,,,,,,,,,,,,,,,,Scenario_PainPoint
600wh portable power station,CNY,50.0,0%,0%,高,100.0,2.66,10.95,,,,,,,,,,,,,,,,,,Spec_Wattage
best solar generator for cpap,CNY,50.0,0%,0%,高,100.0,2.59,10.48,,,,,,,,,,,,,,,,,,Scenario_PainPoint
best 5000 watt solar generator,CNY,50.0,0%,900%,高,100.0,2.2,18.08,,,,,,,,,,,,,,,,,,Spec_Wattage
best 1000w portable power station,CNY,50.0,0%,0%,高,100.0,3.28,8.99,,,,,,,,,,,,,,,,,,Spec_Wattage
ecoflow river generator,CNY,50.0,0%,0%,高,100.0,1.31,7.86,,,,,,,,,,,,,,,,,,Brand_Specific
2000 solar generator,CNY,50.0,0%,0%,高,100.0,2.61,18.35,,,,,,,,,,,,,,,,,,General_Search
eco flow 1300,CNY,50.0,0%,0%,高,100.0,1.67,10.36,,,,,,,,,,,,,,,,,,General_Search
buy jackery 1000,CNY,50.0,0%,0%,高,100.0,,,,,,,,,,,,,,,,,,,,Brand_Specific
jackery battery powered generator,CNY,50.0,0%,0%,高,100.0,2.77,34.32,,,,,,,,,,,,,,,,,,Brand_Specific
largest jackery,CNY,50.0,0%,0%,高,100.0,2.98,7.52,,,,,,,,,,,,,,,,,,Brand_Specific
eb240 solar generator,CNY,50.0,-100%,-100%,未知,,,,,,,,,,,,,,,,,,,,,General_Search
bluetti 700 watt solar generator,CNY,50.0,0%,0%,高,100.0,,,,,,,,,,,,,,,,,,,,Brand_Specific
solar generator brands,CNY,50.0,0%,0%,高,100.0,4.16,31.9,,,,,,,,,,,,,,,,,,General_Search
jackery 1000 solar,CNY,50.0,0%,0%,高,100.0,4.03,15.51,,,,,,,,,,,,,,,,,,Brand_Specific
bluetti 1500 solar generator,CNY,50.0,∞,0%,高,100.0,,,,,,,,,,,,,,,,,,,,Brand_Specific
eco delta pro generator,CNY,50.0,0%,0%,高,67.0,,,,,,,,,,,,,,,,,,,,General_Search
4500 watt solar generator,CNY,50.0,0%,0%,高,100.0,2.4,10.97,,,,,,,,,,,,,,,,,,Spec_Wattage
bougerv 1200w solar generator,CNY,50.0,0%,0%,高,71.0,,,,,,,,,,,,,,,,,,,,Scenario_PainPoint
wen 2250 generator,CNY,50.0,900%,0%,高,100.0,1.49,4.66,,,,,,,,,,,,,,,,,,General_Search
rockpals 250w,CNY,50.0,0%,0%,高,87.0,,,,,,,,,,,,,,,,,,,,Spec_Wattage
electric generator ecoflow,CNY,50.0,0%,0%,高,100.0,2.6,10.09,,,,,,,,,,,,,,,,,,Brand_Specific
lifepo4 battery solar generator,CNY,50.0,0%,0%,高,73.0,,,,,,,,,,,,,,,,,,,,General_Search
ecoflow delta 1300 solar generator,CNY,50.0,0%,0%,高,97.0,,,,,,,,,,,,,,,,,,,,Brand_Specific
jackery 240 best price,CNY,50.0,0%,0%,未知,,,,,,,,,,,,,,,,,,,,,Brand_Specific
portable generator jackery,CNY,50.0,0%,0%,高,100.0,2.53,19.3,,,,,,,,,,,,,,,,,,Brand_Specific
ecoflow pro solar generator,CNY,50.0,0%,0%,高,100.0,2.14,14.15,,,,,,,,,,,,,,,,,,Brand_Specific
1200 watt portable power station,CNY,50.0,0%,0%,高,100.0,3.16,9.21,,,,,,,,,,,,,,,,,,Spec_Wattage
bluetti lifepo4 power station,CNY,50.0,0%,0%,高,100.0,,,,,,,,,,,,,,,,,,,,Brand_Specific
cpap solar generator,CNY,50.0,0%,0%,高,90.0,1.83,5.23,,,,,,,,,,,,,,,,,,Scenario_PainPoint
jackery unit,CNY,50.0,0%,0%,高,100.0,2.81,18.18,,,,,,,,,,,,,,,,,,Brand_Specific
ef ecoflow 2016wh portable power station delta max,CNY,50.0,-100%,0%,未知,,,,,,,,,,,,,,,,,,,,,Brand_Specific
best solar generator for rv camping,CNY,50.0,0%,0%,高,100.0,3.39,8.97,,,,,,,,,,,,,,,,,,Scenario_PainPoint
solar battery pack camping,CNY,50.0,0%,0%,高,100.0,2.62,8.2,,,,,,,,,,,,,,,,,,Scenario_PainPoint
jackery solar generator harbor freight,CNY,50.0,0%,0%,高,100.0,4.1,9.07,,,,,,,,,,,,,,,,,,Brand_Specific
ef ecoflow portable power station delta mini,CNY,50.0,-100%,0%,未知,,,,,,,,,,,,,,,,,,,,,Brand_Specific
bluetti eb150 portable power station,CNY,50.0,0%,0%,高,82.0,,,,,,,,,,,,,,,,,,,,Brand_Specific
jackery 1000 black friday,CNY,50.0,∞,0%,高,78.0,,,,,,,,,,,,,,,,,,,,Brand_Specific
eco delta generator,CNY,50.0,0%,0%,高,100.0,,,,,,,,,,,,,,,,,,,,General_Search
jackery 1000w power station,CNY,50.0,0%,0%,高,100.0,3.49,11.16,,,,,,,,,,,,,,,,,,Brand_Specific
top 10 solar powered generators,CNY,50.0,0%,0%,高,100.0,3.63,11.46,,,,,,,,,,,,,,,,,,General_Search
home depot jackery 1500,CNY,50.0,∞,0%,高,100.0,3.46,21.83,,,,,,,,,,,,,,,,,,Scenario_PainPoint
best portable solar generator for home,CNY,50.0,0%,0%,高,100.0,4.04,17.57,,,,,,,,,,,,,,,,,,Scenario_PainPoint
homepower one solar generator,CNY,50.0,0%,0%,低,0.0,,,,,,,,,,,,,,,,,,,,Scenario_PainPoint
best portable solar generator with panels,CNY,50.0,0%,0%,高,100.0,3.1,13.26,,,,,,,,,,,,,,,,,,General_Search
best portable inverter generator for home backup,CNY,50.0,900%,900%,高,100.0,1.56,6.81,,,,,,,,,,,,,,,,,,Scenario_PainPoint
good solar generator,CNY,50.0,0%,0%,高,100.0,3.04,19.52,,,,,,,,,,,,,,,,,,General_Search
lion safari lt portable power unit,CNY,50.0,0%,0%,高,90.0,,,,,,,,,,,,,,,,,,,,General_Search
ecoflow generator 3600,CNY,50.0,0%,0%,高,100.0,,,,,,,,,,,,,,,,,,,,Brand_Specific
best solar inverter generator,CNY,50.0,0%,0%,高,100.0,2.28,27.75,,,,,,,,,,,,,,,,,,General_Search
jackery 2200,CNY,50.0,0%,0%,高,100.0,3.65,9.18,,,,,,,,,,,,,,,,,,Brand_Specific
solar generator with lithium iron phosphate battery,CNY,50.0,0%,0%,高,100.0,,,,,,,,,,,,,,,,,,,,General_Search
jackery 1500w,CNY,50.0,0%,0%,高,100.0,3.58,8.38,,,,,,,,,,,,,,,,,,Brand_Specific
power station 5000w,CNY,50.0,0%,0%,高,100.0,,,,,,,,,,,,,,,,,,,,Spec_Wattage
400 watt portable power station,CNY,50.0,0%,0%,高,100.0,1.97,5.92,,,,,,,,,,,,,,,,,,Spec_Wattage
best lifepo4 portable power station,CNY,50.0,0%,0%,高,100.0,2.69,6.11,,,,,,,,,,,,,,,,,,General_Search
jackery 300 portable power station,CNY,50.0,0%,-90%,高,100.0,2.41,6.77,,,,,,,,,,,,,,,,,,Brand_Specific
jackery 1000w portable power station,CNY,50.0,0%,0%,高,100.0,4.63,27.41,,,,,,,,,,,,,,,,,,Brand_Specific
jackery 1500 power station,CNY,50.0,0%,0%,高,100.0,3.35,12.5,,,,,,,,,,,,,,,,,,Brand_Specific
ecoflow delta pro solar generator 3600w,CNY,50.0,∞,0%,高,100.0,,,,,,,,,,,,,,,,,,,,Brand_Specific
rockpals sp003,CNY,50.0,0%,0%,低,30.0,,,,,,,,,,,,,,,,,,,,General_Search
jackery 300 for sale,CNY,50.0,0%,0%,高,100.0,2.62,6.64,,,,,,,,,,,,,,,,,,Brand_Specific
ac50s power station,CNY,50.0,0%,0%,高,100.0,,,,,,,,,,,,,,,,,,,,General_Search
fossibot 2400,CNY,50.0,0%,0%,高,100.0,2.09,12.02,,,,,,,,,,,,,,,,,,General_Search
all power solar generator,CNY,50.0,0%,0%,高,100.0,0.94,4.62,,,,,,,,,,,,,,,,,,General_Search
yeti 6000x solar generator,CNY,50.0,∞,0%,高,100.0,,,,,,,,,,,,,,,,,,,,General_Search
jackery 500 for sale,CNY,50.0,0%,0%,高,100.0,2.67,8.15,,,,,,,,,,,,,,,,,,Brand_Specific
jackery portable power station 300,CNY,50.0,0%,0%,高,100.0,2.68,5.65,,,,,,,,,,,,,,,,,,Brand_Specific
best solar generator with solar panels,CNY,50.0,0%,0%,高,100.0,3.79,22.4,,,,,,,,,,,,,,,,,,General_Search
the best solar generator for house,CNY,50.0,0%,0%,高,100.0,29.35,167.31,,,,,,,,,,,,,,,,,,General_Search
jackery 300 sale,CNY,50.0,0%,0%,高,100.0,3.07,17.57,,,,,,,,,,,,,,,,,,Brand_Specific
best portable solar generator for home use,CNY,50.0,0%,0%,高,100.0,2.42,15.53,,,,,,,,,,,,,,,,,,Scenario_PainPoint
1800w solar generator,CNY,50.0,0%,0%,高,100.0,2.79,7.55,,,,,,,,,,,,,,,,,,Spec_Wattage
lion safari lt,CNY,50.0,0%,0%,高,100.0,,,,,,,,,,,,,,,,,,,,General_Search
eco pro solar generator,CNY,50.0,0%,0%,高,100.0,2.1,43.6,,,,,,,,,,,,,,,,,,General_Search
portable solar power supply,CNY,50.0,0%,0%,高,100.0,2.53,8.94,,,,,,,,,,,,,,,,,,General_Search
high power solar generator,CNY,50.0,0%,0%,高,100.0,2.63,17.69,,,,,,,,,,,,,,,,,,General_Search
anker 521 solar generator,CNY,50.0,0%,0%,高,84.0,,,,,,,,,,,,,,,,,,,,Brand_Specific
runhood solar generator,CNY,50.0,0%,0%,高,100.0,,,,,,,,,,,,,,,,,,,,General_Search
flash fish generator,CNY,50.0,0%,-90%,高,100.0,1.56,3.35,,,,,,,,,,,,,,,,,,General_Search
ecoflow delta max generator,CNY,50.0,0%,0%,高,88.0,1.31,12.14,,,,,,,,,,,,,,,,,,Brand_Specific
lifepo4 battery generator,CNY,50.0,0%,0%,高,100.0,2.91,12.55,,,,,,,,,,,,,,,,,,General_Search
cheapest jackery,CNY,50.0,0%,0%,高,100.0,3.4,7.11,,,,,,,,,,,,,,,,,,Brand_Specific
best generator for home solar,CNY,50.0,0%,0%,高,100.0,2.53,7.9,,,,,,,,,,,,,,,,,,Scenario_PainPoint
best solar generator kits,CNY,50.0,0%,0%,高,100.0,7.67,27.42,,,,,,,,,,,,,,,,,,General_Search
jackery 1000 watt peak output explorer 550wh portable power station,CNY,50.0,0%,0%,未知,,,,,,,,,,,,,,,,,,,,,Brand_Specific
geneverse solar generator for homes,CNY,50.0,0%,-100%,未知,,,,,,,,,,,,,,,,,,,,,Scenario_PainPoint
nexpow portable power station,CNY,50.0,0%,0%,高,95.0,,,,,,,,,,,,,,,,,,,,General_Search
eb3a bluetti price,CNY,50.0,0%,0%,未知,,,,,,,,,,,,,,,,,,,,,Brand_Specific
jackery 3600 watt peak output explorer 1500wh portable power station,CNY,50.0,0%,-100%,未知,,,,,,,,,,,,,,,,,,,,,Brand_Specific
eco delta pro solar generator,CNY,50.0,0%,0%,高,100.0,,,,,,,,,,,,,,,,,,,,General_Search
ecoflow river mini wireless portable power station,CNY,50.0,0%,∞,高,94.0,,,,,,,,,,,,,,,,,,,,Brand_Specific
ecoflow power station with solar panel,CNY,50.0,0%,900%,高,100.0,2.09,11.65,,,,,,,,,,,,,,,,,,Brand_Specific
top portable solar generators,CNY,50.0,0%,0%,高,99.0,3.46,16.94,,,,,,,,,,,,,,,,,,General_Search
amazon jackery power station,CNY,50.0,-90%,0%,高,99.0,7.29,14.42,,,,,,,,,,,,,,,,,,Brand_Specific
inergy kodiak x2,CNY,50.0,0%,0%,中,38.0,,,,,,,,,,,,,,,,,,,,General_Search
yeti solar generator 1500,CNY,50.0,0%,0%,高,86.0,,,,,,,,,,,,,,,,,,,,General_Search
best backup solar generator for home,CNY,50.0,0%,0%,高,100.0,2.86,36.29,,,,,,,,,,,,,,,,,,Scenario_PainPoint
jackery 1000 watt solar generator,CNY,50.0,0%,0%,高,94.0,2.82,6.57,,,,,,,,,,,,,,,,,,Brand_Specific
jackery 1000 harbor freight,CNY,50.0,0%,0%,高,100.0,,,,,,,,,,,,,,,,,,,,Brand_Specific
portable power station solar panel,CNY,50.0,0%,0%,高,100.0,2.69,8.08,,,,,,,,,,,,,,,,,,General_Search
ecoflow solar generator delta max,CNY,50.0,0%,0%,高,67.0,,,,,,,,,,,,,,,,,,,,Brand_Specific
solar powered mini generator,CNY,50.0,0%,0%,高,100.0,2.11,5.39,,,,,,,,,,,,,,,,,,General_Search
portable power station and solar panel,CNY,50.0,0%,0%,高,100.0,3.14,13.42,,,,,,,,,,,,,,,,,,General_Search
ef ecoflow river 288wh portable power station,CNY,50.0,0%,0%,高,100.0,,,,,,,,,,,,,,,,,,,,Brand_Specific
flashfish 300w,CNY,50.0,0%,0%,高,100.0,,,,,,,,,,,,,,,,,,,,Spec_Wattage
ecoflow home generator,CNY,50.0,0%,0%,高,100.0,2.05,24.67,,,,,,,,,,,,,,,,,,Scenario_PainPoint
2200 watt generark solar generator,CNY,50.0,0%,0%,未知,,,,,,,,,,,,,,,,,,,,,Spec_Wattage
safari me portable power station,CNY,50.0,-100%,0%,未知,,,,,,,,,,,,,,,,,,,,,General_Search
bluetti solar power generator,CNY,50.0,0%,0%,高,100.0,3.22,8.93,,,,,,,,,,,,,,,,,,Brand_Specific
goal zero yeti 500x generator,CNY,50.0,∞,0%,高,100.0,,,,,,,,,,,,,,,,,,,,Brand_Specific
big solar generator,CNY,50.0,900%,0%,高,100.0,2.4,21.94,,,,,,,,,,,,,,,,,,General_Search
bluetti eb240 portable power station,CNY,50.0,0%,0%,高,83.0,,,,,,,,,,,,,,,,,,,,Brand_Specific
jackery solar panel generator,CNY,50.0,-90%,0%,高,100.0,2.52,15.99,,,,,,,,,,,,,,,,,,Brand_Specific
jackery explorer 160 portable power station,CNY,50.0,-90%,0%,高,100.0,2.64,5.82,,,,,,,,,,,,,,,,,,Brand_Specific
jackery 300 in stock,CNY,50.0,∞,0%,高,100.0,,,,,,,,,,,,,,,,,,,,Brand_Specific
allpowers 200w foldable solar panel,CNY,50.0,0%,0%,高,100.0,2.09,8.87,,,,,,,,,,,,,,,,,,Spec_Wattage
ecoflow generator solar,CNY,50.0,0%,0%,高,100.0,2.43,18.23,,,,,,,,,,,,,,,,,,Brand_Specific
solar powerstation 3000 watt,CNY,50.0,0%,∞,高,100.0,0.75,5.16,,,,,,,,,,,,,,,,,,Spec_Wattage
solar power portable power station,CNY,50.0,0%,0%,高,100.0,2.92,7.94,,,,,,,,,,,,,,,,,,General_Search
ecoflow river plus portable power station,CNY,50.0,0%,0%,高,91.0,,,,,,,,,,,,,,,,,,,,Brand_Specific
ef ecoflow river 288wh,CNY,50.0,0%,0%,中,38.0,,,,,,,,,,,,,,,,,,,,Brand_Specific
biggest jackery,CNY,50.0,0%,0%,高,100.0,3.21,10.06,,,,,,,,,,,,,,,,,,Brand_Specific
bluetti ac200p 2000wh 2000w portable power station,CNY,50.0,∞,0%,高,100.0,,,,,,,,,,,,,,,,,,,,Brand_Specific
best 1000w solar generator,CNY,50.0,0%,0%,高,89.0,3.29,18.19,,,,,,,,,,,,,,,,,,Spec_Wattage
jackery portable power station black friday,CNY,50.0,0%,∞,低,0.0,,,,,,,,,,,,,,,,,,,,Brand_Specific
go zero solar generator,CNY,50.0,∞,0%,中,48.0,,,,,,,,,,,,,,,,,,,,General_Search
220 solar generator,CNY,50.0,0%,0%,高,95.0,2.21,6.57,,,,,,,,,,,,,,,,,,General_Search
best bluetti power station,CNY,50.0,0%,900%,高,100.0,3.13,13.84,,,,,,,,,,,,,,,,,,Brand_Specific
lipower portable power station,CNY,50.0,0%,-90%,高,100.0,3.07,16.8,,,,,,,,,,,,,,,,,,General_Search
renogy portable power station,CNY,50.0,0%,0%,高,100.0,2.77,10.58,,,,,,,,,,,,,,,,,,General_Search
best jackery power station,CNY,50.0,900%,900%,高,100.0,3.45,16.27,,,,,,,,,,,,,,,,,,Brand_Specific
best jackery solar generator,CNY,50.0,-90%,-90%,高,100.0,3.7,25.9,,,,,,,,,,,,,,,,,,Brand_Specific
zero solar generator,CNY,50.0,0%,0%,高,100.0,,,,,,,,,,,,,,,,,,,,General_Search
jackery 2000 pro 2200w,CNY,50.0,-100%,0%,未知,,,,,,,,,,,,,,,,,,,,,Brand_Specific
yeti generator 3000,CNY,50.0,0%,0%,高,100.0,1.32,9.54,,,,,,,,,,,,,,,,,,General_Search
lion energy generators,CNY,50.0,0%,0%,高,100.0,0.13,6.24,,,,,,,,,,,,,,,,,,General_Search
1500w solar generator,CNY,50.0,0%,0%,高,100.0,2.25,8.12,,,,,,,,,,,,,,,,,,Spec_Wattage
patriot portable solar generator,CNY,50.0,0%,0%,高,100.0,3.83,55.36,,,,,,,,,,,,,,,,,,General_Search
oupes 1800 solar generator,CNY,50.0,0%,0%,未知,,,,,,,,,,,,,,,,,,,,,General_Search
best value solar generator,CNY,50.0,0%,0%,高,100.0,3.31,12.06,,,,,,,,,,,,,,,,,,General_Search
mini solar generator for home,CNY,50.0,0%,0%,高,99.0,1.89,10.44,,,,,,,,,,,,,,,,,,Scenario_PainPoint
coofly power station,CNY,50.0,0%,0%,高,100.0,,,,,,,,,,,,,,,,,,,,General_Search
jackery portable power station explorer 1500,CNY,50.0,0%,0%,高,100.0,,,,,,,,,,,,,,,,,,,,Brand_Specific
portable power station bluetti,CNY,50.0,0%,0%,高,100.0,3.2,8.23,,,,,,,,,,,,,,,,,,Brand_Specific
top 5 solar generators,CNY,50.0,0%,900%,高,100.0,2.48,16.68,,,,,,,,,,,,,,,,,,General_Search
solar panels and backup generator,CNY,50.0,0%,0%,高,100.0,7.51,71.87,,,,,,,,,,,,,,,,,,General_Search
allpowers portable generator,CNY,50.0,0%,0%,高,92.0,,,,,,,,,,,,,,,,,,,,General_Search
jackery 1000 watt,CNY,50.0,0%,900%,高,100.0,3.19,7.19,,,,,,,,,,,,,,,,,,Brand_Specific
mango power e solar generator,CNY,50.0,0%,0%,高,88.0,,,,,,,,,,,,,,,,,,,,General_Search
ecoflow river pro 720wh portable power station,CNY,50.0,0%,0%,高,100.0,,,,,,,,,,,,,,,,,,,,Brand_Specific
geneverse generators,CNY,50.0,0%,0%,高,100.0,2.92,33.79,,,,,,,,,,,,,,,,,,General_Search
jackery 1500 portable power station,CNY,50.0,0%,0%,高,98.0,1.93,8.63,,,,,,,,,,,,,,,,,,Brand_Specific
bluetti solar generator price,CNY,50.0,0%,0%,高,100.0,2.24,4.23,,,,,,,,,,,,,,,,,,Brand_Specific
jackery power station harbor freight,CNY,50.0,0%,0%,高,100.0,2.62,7.08,,,,,,,,,,,,,,,,,,Brand_Specific
bluetti lifepo4,CNY,50.0,0%,0%,高,100.0,3.23,7.33,,,,,,,,,,,,,,,,,,Brand_Specific
ecoflow 1800,CNY,50.0,0%,0%,高,100.0,1.42,4.02,,,,,,,,,,,,,,,,,,Brand_Specific
bluetti eb200,CNY,50.0,0%,0%,高,100.0,4.02,20.3,,,,,,,,,,,,,,,,,,Brand_Specific
bluetti eb3a price,CNY,50.0,0%,0%,高,98.0,1.6,6.39,,,,,,,,,,,,,,,,,,Brand_Specific
portable solar generators for home use,CNY,50.0,0%,0%,高,100.0,3.76,30.3,,,,,,,,,,,,,,,,,,Scenario_PainPoint
best solar portable power station,CNY,50.0,0%,0%,高,100.0,3.14,12.55,,,,,,,,,,,,,,,,,,General_Search
jackery 400 watt,CNY,50.0,∞,0%,中,48.0,,,,,,,,,,,,,,,,,,,,Brand_Specific
jackery solar generator sale,CNY,50.0,0%,0%,高,100.0,2.75,23.27,,,,,,,,,,,,,,,,,,Brand_Specific
rockpals solar generator,CNY,50.0,0%,0%,高,98.0,,,,,,,,,,,,,,,,,,,,General_Search
2000 watt battery generator,CNY,50.0,900%,900%,高,100.0,2.35,7.85,,,,,,,,,,,,,,,,,,Spec_Wattage
best solar generator for house,CNY,50.0,0%,0%,高,100.0,3.75,20.78,,,,,,,,,,,,,,,,,,General_Search
portable solar generator for rv,CNY,50.0,0%,-90%,高,99.0,3.56,12.32,,,,,,,,,,,,,,,,,,Scenario_PainPoint
the jackery 1000,CNY,50.0,0%,0%,高,100.0,3.2,5.57,,,,,,,,,,,,,,,,,,Brand_Specific
bluetti portable power station eb55,CNY,50.0,0%,0%,高,100.0,,,,,,,,,,,,,,,,,,,,Brand_Specific
jackery explorer 2000 pro solar generator,CNY,50.0,0%,0%,高,72.0,,,,,,,,,,,,,,,,,,,,Brand_Specific
solar generator with 240v outlet,CNY,50.0,0%,0%,高,100.0,2.25,16.15,,,,,,,,,,,,,,,,,,General_Search
portable solar generators for sale,CNY,50.0,0%,0%,高,100.0,2.14,11.48,,,,,,,,,,,,,,,,,,General_Search
yeti battery generator,CNY,50.0,0%,0%,高,100.0,0.74,7.88,,,,,,,,,,,,,,,,,,General_Search
generac portable solar generator,CNY,50.0,0%,0%,高,100.0,1.71,6.44,,,,,,,,,,,,,,,,,,General_Search
best solar panel generator,CNY,50.0,900%,900%,高,100.0,3.26,21.92,,,,,,,,,,,,,,,,,,General_Search
delta ecoflow solar generator,CNY,50.0,0%,0%,高,100.0,,,,,,,,,,,,,,,,,,,,Brand_Specific
best portable power station with solar,CNY,50.0,0%,0%,高,85.0,3.61,18.41,,,,,,,,,,,,,,,,,,General_Search
beaudens portable power station,CNY,50.0,0%,0%,高,84.0,,,,,,,,,,,,,,,,,,,,General_Search
jackery outdoor power,CNY,50.0,0%,0%,高,98.0,4.33,8.05,,,,,,,,,,,,,,,,,,Brand_Specific
solar powerstation camping,CNY,50.0,0%,0%,高,100.0,3.93,14.42,,,,,,,,,,,,,,,,,,Scenario_PainPoint
generator ecoflow,CNY,50.0,900%,900%,高,100.0,2.38,15.55,,,,,,,,,,,,,,,,,,Brand_Specific
portable power station 1500w,CNY,50.0,0%,0%,高,100.0,3.1,8.66,,,,,,,,,,,,,,,,,,Spec_Wattage
aimtom portable solar generator,CNY,50.0,0%,0%,高,69.0,,,,,,,,,,,,,,,,,,,,General_Search
inergy power station,CNY,50.0,0%,0%,高,100.0,,,,,,,,,,,,,,,,,,,,General_Search
kodiak generator,CNY,50.0,0%,0%,高,99.0,5.08,23.95,,,,,,,,,,,,,,,,,,General_Search
ecoflow whole house generator,CNY,50.0,900%,0%,高,100.0,1.58,25.27,,,,,,,,,,,,,,,,,,Brand_Specific
jackery explorer 1500 solar generator,CNY,50.0,0%,0%,高,100.0,3.12,8.65,,,,,,,,,,,,,,,,,,Brand_Specific
geneverse solar,CNY,50.0,0%,0%,高,100.0,2.28,25.15,,,,,,,,,,,,,,,,,,General_Search
bluetti ac50s portable power station,CNY,50.0,0%,0%,高,99.0,2.92,6.24,,,,,,,,,,,,,,,,,,Brand_Specific
geneverse power station,CNY,50.0,0%,0%,高,98.0,1.97,15.25,,,,,,,,,,,,,,,,,,General_Search
ecoflow generator price,CNY,50.0,0%,0%,高,95.0,1.2,3.42,,,,,,,,,,,,,,,,,,Brand_Specific
solar generator with panels included,CNY,50.0,0%,0%,高,100.0,4.02,19.29,,,,,,,,,,,,,,,,,,General_Search
jackery 1500 for sale,CNY,50.0,0%,0%,高,100.0,4.83,12.03,,,,,,,,,,,,,,,,,,Brand_Specific
jackery 1800 solar generator,CNY,50.0,∞,0%,高,71.0,,,,,,,,,,,,,,,,,,,,Brand_Specific
renogy phoenix 200,CNY,50.0,0%,0%,高,97.0,,,,,,,,,,,,,,,,,,,,General_Search
powerstation solargenerator,CNY,50.0,0%,0%,高,68.0,5.22,20.91,,,,,,,,,,,,,,,,,,General_Search
bluetti ac200p price,CNY,50.0,0%,0%,高,100.0,1.67,5.22,,,,,,,,,,,,,,,,,,Brand_Specific
bluetti ac200p solar generator,CNY,50.0,0%,0%,中,35.0,,,,,,,,,,,,,,,,,,,,Brand_Specific
oukitel p2001 solar generator,CNY,50.0,0%,∞,中,33.0,,,,,,,,,,,,,,,,,,,,General_Search
ecoflow 3600 watt solar generator,CNY,50.0,0%,0%,高,100.0,1.67,13.82,,,,,,,,,,,,,,,,,,Brand_Specific
bluetti 1500 watt,CNY,50.0,0%,0%,高,100.0,2.87,9.25,,,,,,,,,,,,,,,,,,Brand_Specific
portable power station ecoflow,CNY,50.0,0%,0%,高,100.0,2.37,9.67,,,,,,,,,,,,,,,,,,Brand_Specific
lion safari lt portable generator,CNY,50.0,0%,0%,未知,,,,,,,,,,,,,,,,,,,,,General_Search
growatt portable power station,CNY,50.0,0%,-90%,高,100.0,1.03,5.37,,,,,,,,,,,,,,,,,,General_Search
solar generator bluetti,CNY,50.0,0%,0%,高,100.0,3.76,11.0,,,,,,,,,,,,,,,,,,Brand_Specific
anker solar generator 767,CNY,50.0,0%,0%,高,100.0,,,,,,,,,,,,,,,,,,,,Brand_Specific
bluetti portable power station ac200max,CNY,50.0,0%,0%,中,66.0,,,,,,,,,,,,,,,,,,,,Brand_Specific
zendure solar generator,CNY,50.0,0%,0%,高,100.0,,,,,,,,,,,,,,,,,,,,General_Search
oupes 1200w,CNY,50.0,0%,0%,高,100.0,1.91,30.8,,,,,,,,,,,,,,,,,,Spec_Wattage
jackery 500 solar generator,CNY,50.0,0%,0%,高,100.0,1.97,6.54,,,,,,,,,,,,,,,,,,Brand_Specific
rockpals 300w,CNY,50.0,0%,0%,高,90.0,,,,,,,,,,,,,,,,,,,,Spec_Wattage
jackery 1800,CNY,50.0,0%,0%,高,100.0,2.63,5.58,,,,,,,,,,,,,,,,,,Brand_Specific
best 2000 watt solar generator,CNY,50.0,0%,0%,高,100.0,2.9,15.28,,,,,,,,,,,,,,,,,,Spec_Wattage
inergy solar generator,CNY,50.0,0%,0%,高,100.0,3.45,14.99,,,,,,,,,,,,,,,,,,General_Search
oupes 2400 solar generator,CNY,50.0,0%,0%,高,100.0,,,,,,,,,,,,,,,,,,,,General_Search
ecoflow river power station,CNY,50.0,0%,0%,高,100.0,1.31,3.91,,,,,,,,,,,,,,,,,,Brand_Specific
ecoflow delta max 2000 portable power station,CNY,50.0,0%,0%,高,88.0,1.87,10.61,,,,,,,,,,,,,,,,,,Brand_Specific
ecoflow delta pro 3600w solar generator,CNY,50.0,0%,0%,高,100.0,1.61,7.6,,,,,,,,,,,,,,,,,,Brand_Specific
renogy solar generator,CNY,50.0,0%,-90%,高,100.0,3.38,17.08,,,,,,,,,,,,,,,,,,General_Search
lion solar generator,CNY,50.0,0%,-90%,高,100.0,1.62,11.84,,,,,,,,,,,,,,,,,,General_Search
rockpals 500w,CNY,50.0,900%,900%,高,79.0,,,,,,,,,,,,,,,,,,,,Spec_Wattage
jackery solar generator 500,CNY,50.0,900%,0%,高,100.0,2.32,9.29,,,,,,,,,,,,,,,,,,Brand_Specific
powerstation 2000 watt,CNY,50.0,0%,0%,高,100.0,2.45,8.63,,,,,,,,,,,,,,,,,,Spec_Wattage
geneverse generator,CNY,50.0,0%,0%,高,100.0,2.92,33.79,,,,,,,,,,,,,,,,,,General_Search
generark solar generator,CNY,50.0,0%,0%,高,100.0,2.41,27.84,,,,,,,,,,,,,,,,,,General_Search
anker 767 solar generator,CNY,50.0,0%,-90%,高,100.0,,,,,,,,,,,,,,,,,,,,Brand_Specific
jackery 1000 solar generator,CNY,50.0,0%,-90%,高,100.0,3.49,7.02,,,,,,,,,,,,,,,,,,Brand_Specific
ecoflow delta mini portable power station,CNY,50.0,900%,900%,高,94.0,,,,,,,,,,,,,,,,,,,,Brand_Specific
bluetti portable power station ac200p,CNY,50.0,0%,0%,高,100.0,,,,,,,,,,,,,,,,,,,,Brand_Specific
best solar generator for off grid living 2022,CNY,50.0,0%,-100%,未知,,,,,,,,,,,,,,,,,,,,,Scenario_PainPoint
powerstation 3000 watt,CNY,50.0,0%,0%,高,100.0,3.02,9.86,,,,,,,,,,,,,,,,,,Spec_Wattage
bluetti 2400wh solar generator,CNY,50.0,0%,0%,高,100.0,,,,,,,,,,,,,,,,,,,,Brand_Specific
ecoflow river max portable power station,CNY,50.0,0%,0%,高,100.0,2.09,15.19,,,,,,,,,,,,,,,,,,Brand_Specific
delta pro solar generator,CNY,50.0,0%,-90%,高,100.0,2.27,12.44,,,,,,,,,,,,,,,,,,General_Search
best solar generator 2022,CNY,50.0,0%,-100%,未知,,,,,,,,,,,,,,,,,,,,,General_Search
ecoflow delta 1300 power station,CNY,50.0,0%,0%,高,100.0,0.54,2.9,,,,,,,,,,,,,,,,,,Brand_Specific
anker 757 solar generator,CNY,50.0,0%,0%,高,100.0,,,,,,,,,,,,,,,,,,,,Brand_Specific
bluetti eb55 portable power station,CNY,50.0,900%,900%,高,98.0,2.69,5.75,,,,,,,,,,,,,,,,,,Brand_Specific
yeti solar,CNY,50.0,0%,0%,高,100.0,0.68,12.97,,,,,,,,,,,,,,,,,,General_Search
yeti 3000x generator,CNY,50.0,0%,0%,高,86.0,0.71,7.18,,,,,,,,,,,,,,,,,,General_Search
jackery solar generator 240,CNY,50.0,0%,-90%,高,87.0,3.51,7.11,,,,,,,,,,,,,,,,,,Brand_Specific
rocksolar portable power station,CNY,50.0,0%,0%,高,99.0,2.24,6.47,,,,,,,,,,,,,,,,,,General_Search
ef ecoflow portable power station delta,CNY,50.0,0%,0%,高,100.0,1.31,4.32,,,,,,,,,,,,,,,,,,Brand_Specific
powerstation & solar generator,CNY,50.0,0%,0%,未知,,,,,,,,,,,,,,,,,,,,,General_Search
oukitel solar generator,CNY,50.0,0%,0%,高,100.0,3.18,48.45,,,,,,,,,,,,,,,,,,General_Search
ebl solar generator,CNY,50.0,0%,0%,高,100.0,1.99,13.63,,,,,,,,,,,,,,,,,,General_Search
jackery portable power station explorer,CNY,50.0,900%,0%,高,100.0,3.38,15.23,,,,,,,,,,,,,,,,,,Brand_Specific
oupes 600w,CNY,50.0,0%,0%,高,100.0,,,,,,,,,,,,,,,,,,,,Spec_Wattage
best lifepo4 power station,CNY,50.0,0%,-90%,中,43.0,2.57,13.83,,,,,,,,,,,,,,,,,,General_Search
bougerv solar generator,CNY,50.0,0%,0%,高,67.0,1.78,12.64,,,,,,,,,,,,,,,,,,Scenario_PainPoint
solar generator power station,CNY,50.0,0%,-90%,高,100.0,3.39,13.2,,,,,,,,,,,,,,,,,,General_Search
bluetti portable power station eb70s,CNY,50.0,0%,-90%,中,53.0,,,,,,,,,,,,,,,,,,,,Brand_Specific
ef ecoflow solar generator,CNY,50.0,0%,0%,高,85.0,2.16,13.57,,,,,,,,,,,,,,,,,,Brand_Specific
jackery 240 solar generator,CNY,50.0,0%,0%,高,100.0,2.48,5.63,,,,,,,,,,,,,,,,,,Brand_Specific
solar powerstation 2000w,CNY,50.0,0%,0%,高,100.0,,,,,,,,,,,,,,,,,,,,Spec_Wattage
yeti solar powered generator,CNY,50.0,0%,0%,高,100.0,0.71,5.75,,,,,,,,,,,,,,,,,,General_Search
best portable battery generator,CNY,50.0,0%,0%,高,100.0,3.09,9.02,,,,,,,,,,,,,,,,,,General_Search
the jackery generator,CNY,50.0,0%,900%,高,100.0,2.48,12.25,,,,,,,,,,,,,,,,,,Brand_Specific
solar generator black friday,CNY,50.0,∞,0%,高,100.0,,,,,,,,,,,,,,,,,,,,General_Search
jackery lifepo4,CNY,50.0,0%,0%,高,100.0,2.35,12.0,,,,,,,,,,,,,,,,,,Brand_Specific
bluetti solar generator ac200p,CNY,50.0,0%,0%,高,100.0,,,,,,,,,,,,,,,,,,,,Brand_Specific
amazon jackery 1000,CNY,50.0,0%,-90%,高,100.0,7.53,14.42,,,,,,,,,,,,,,,,,,Brand_Specific
oupes 1800w power station,CNY,50.0,0%,0%,高,97.0,,,,,,,,,,,,,,,,,,,,Spec_Wattage
point zero titan,CNY,50.0,0%,0%,中,60.0,,,,,,,,,,,,,,,,,,,,General_Search
portable solar generator with panels,CNY,50.0,0%,0%,高,100.0,2.75,9.76,,,,,,,,,,,,,,,,,,General_Search
jackery explorer 1500 portable power station solar generator,CNY,50.0,0%,0%,未知,,,,,,,,,,,,,,,,,,,,,Brand_Specific
jackery 1000 for sale,CNY,50.0,0%,0%,高,100.0,4.16,10.06,,,,,,,,,,,,,,,,,,Brand_Specific
black friday solar generator deals,CNY,50.0,0%,0%,高,95.0,,,,,,,,,,,,,,,,,,,,General_Search
buy solar generator,CNY,50.0,0%,0%,高,100.0,3.37,18.16,,,,,,,,,,,,,,,,,,General_Search
bluetti 500wh,CNY,50.0,0%,0%,高,100.0,3.15,6.57,,,,,,,,,,,,,,,,,,Brand_Specific
solar jackery power station,CNY,50.0,0%,900%,高,100.0,2.48,14.18,,,,,,,,,,,,,,,,,,Brand_Specific
jackery 2000 pro for sale,CNY,50.0,-100%,-100%,未知,,,,,,,,,,,,,,,,,,,,,Brand_Specific
solar jackery portable power station,CNY,50.0,0%,0%,高,100.0,2.77,27.17,,,,,,,,,,,,,,,,,,Brand_Specific
allpowers 700w,CNY,50.0,-100%,-100%,未知,,,,,,,,,,,,,,,,,,,,,Spec_Wattage
500w solar generator,CNY,50.0,0%,0%,高,98.0,2.53,7.67,,,,,,,,,,,,,,,,,,Spec_Wattage
lion safari lt generator,CNY,50.0,0%,-100%,未知,,,,,,,,,,,,,,,,,,,,,General_Search
jackery 800,CNY,50.0,0%,0%,高,100.0,3.23,9.65,,,,,,,,,,,,,,,,,,Brand_Specific
1200 watt solar generator,CNY,50.0,0%,0%,高,100.0,2.41,14.12,,,,,,,,,,,,,,,,,,Spec_Wattage
allpowers portable power station 2000w,CNY,50.0,0%,-100%,未知,,,,,,,,,,,,,,,,,,,,,Spec_Wattage
bluetti battery generator,CNY,50.0,0%,0%,高,100.0,3.43,10.24,,,,,,,,,,,,,,,,,,Brand_Specific
best solar generator for van life,CNY,50.0,0%,0%,中,64.0,2.01,6.81,,,,,,,,,,,,,,,,,,General_Search
aeiusny portable power station,CNY,50.0,0%,0%,高,87.0,1.66,9.1,,,,,,,,,,,,,,,,,,General_Search
bluetti off grid solar generator ac200p,CNY,50.0,∞,0%,高,100.0,,,,,,,,,,,,,,,,,,,,Scenario_PainPoint
portable power station lifepo4,CNY,50.0,0%,0%,中,63.0,2.81,13.51,,,,,,,,,,,,,,,,,,General_Search
best 2000w solar generator,CNY,50.0,0%,0%,高,100.0,3.74,15.15,,,,,,,,,,,,,,,,,,Spec_Wattage
flashfish portable solar generator,CNY,50.0,0%,0%,高,100.0,0.75,3.48,,,,,,,,,,,,,,,,,,General_Search
solar panel portable power station,CNY,50.0,0%,0%,高,100.0,2.48,9.21,,,,,,,,,,,,,,,,,,General_Search
solar jackery generator,CNY,50.0,0%,0%,高,100.0,2.26,8.41,,,,,,,,,,,,,,,,,,Brand_Specific
best 1000w power station,CNY,50.0,0%,0%,高,100.0,3.08,9.51,,,,,,,,,,,,,,,,,,Spec_Wattage
duracell solar generator,CNY,50.0,0%,0%,高,100.0,2.73,15.8,,,,,,,,,,,,,,,,,,General_Search
bluetti ac30,CNY,50.0,0%,0%,高,100.0,3.18,7.24,,,,,,,,,,,,,,,,,,Brand_Specific
eco delta solar generator,CNY,50.0,-100%,-100%,未知,,,,,,,,,,,,,,,,,,,,,General_Search
ecoflow delta mini power station,CNY,50.0,0%,0%,中,59.0,,,,,,,,,,,,,,,,,,,,Brand_Specific
small solar generator for home,CNY,50.0,900%,0%,高,100.0,2.23,7.56,,,,,,,,,,,,,,,,,,Scenario_PainPoint
jackery solar generator amazon,CNY,50.0,0%,900%,高,99.0,6.98,14.42,,,,,,,,,,,,,,,,,,Brand_Specific
ecoflow solar generator price,CNY,50.0,0%,0%,高,100.0,1.55,4.19,,,,,,,,,,,,,,,,,,Brand_Specific
highest rated solar generator,CNY,50.0,0%,900%,高,100.0,2.5,18.39,,,,,,,,,,,,,,,,,,General_Search
anker powerhouse 767 price,CNY,50.0,0%,0%,高,100.0,1.61,5.67,,,,,,,,,,,,,,,,,,Brand_Specific
jackery 3000w,CNY,50.0,0%,0%,高,100.0,6.71,15.94,,,,,,,,,,,,,,,,,,Brand_Specific
ecoflow delta max 2000 power station,CNY,50.0,0%,0%,高,85.0,0.9,5.07,,,,,,,,,,,,,,,,,,Brand_Specific
2000 watt jackery,CNY,50.0,0%,0%,高,99.0,3.82,7.71,,,,,,,,,,,,,,,,,,Brand_Specific
portable solar battery backup,CNY,50.0,0%,0%,高,87.0,4.02,13.14,,,,,,,,,,,,,,,,,,General_Search
anker 535 solar generator,CNY,50.0,0%,0%,高,86.0,,,,,,,,,,,,,,,,,,,,Brand_Specific
anker powerhouse 767 with expansion battery,CNY,50.0,∞,0%,高,100.0,,,,,,,,,,,,,,,,,,,,Brand_Specific
the best solar generator on the market,CNY,50.0,0%,900%,高,100.0,2.69,25.3,,,,,,,,,,,,,,,,,,General_Search
yeti power generator,CNY,50.0,0%,0%,高,100.0,1.35,7.65,,,,,,,,,,,,,,,,,,General_Search
best home backup solar generator,CNY,50.0,0%,0%,高,100.0,3.13,29.4,,,,,,,,,,,,,,,,,,Scenario_PainPoint
oupes 2400 portable power station,CNY,50.0,0%,0%,高,79.0,,,,,,,,,,,,,,,,,,,,General_Search
explorer 1000 portable power station,CNY,50.0,0%,0%,高,100.0,,,,,,,,,,,,,,,,,,,,General_Search
flashfish power station,CNY,50.0,0%,-90%,高,100.0,0.96,6.78,,,,,,,,,,,,,,,,,,General_Search
best 1500 watt solar generator,CNY,50.0,0%,0%,高,100.0,,,,,,,,,,,,,,,,,,,,Spec_Wattage
goal zero yeti solar generator,CNY,50.0,0%,0%,中,40.0,,,,,,,,,,,,,,,,,,,,Brand_Specific
jackery power station amazon,CNY,50.0,0%,0%,高,82.0,10.26,14.42,,,,,,,,,,,,,,,,,,Brand_Specific
okmo power station,CNY,50.0,0%,0%,高,100.0,1.81,16.58,,,,,,,,,,,,,,,,,,General_Search
best solar power generator for camping,CNY,50.0,-90%,0%,高,100.0,3.45,12.78,,,,,,,,,,,,,,,,,,Scenario_PainPoint
powerstation 1500wh,CNY,50.0,0%,0%,高,100.0,2.36,9.79,,,,,,,,,,,,,,,,,,Spec_Wattage
jackery 1500 amazon,CNY,50.0,0%,0%,中,34.0,,,,,,,,,,,,,,,,,,,,Brand_Specific
best rated portable solar generator,CNY,50.0,0%,0%,高,100.0,4.18,23.84,,,,,,,,,,,,,,,,,,General_Search
power station 500wh,CNY,50.0,0%,0%,高,100.0,2.74,8.06,,,,,,,,,,,,,,,,,,Spec_Wattage
most powerful portable solar generator,CNY,50.0,0%,0%,高,100.0,2.46,14.14,,,,,,,,,,,,,,,,,,General_Search
bluetti 2000wh,CNY,50.0,0%,0%,高,100.0,3.35,15.39,,,,,,,,,,,,,,,,,,Brand_Specific
jackery generator 1500,CNY,50.0,0%,0%,高,100.0,3.4,7.24,,,,,,,,,,,,,,,,,,Brand_Specific
bluetti ac200p 2000wh,CNY,50.0,0%,0%,高,95.0,,,,,,,,,,,,,,,,,,,,Brand_Specific
geneverse home generator,CNY,50.0,0%,0%,未知,,,,,,,,,,,,,,,,,,,,,Scenario_PainPoint
rockpals generator,CNY,50.0,0%,0%,高,100.0,,,,,,,,,,,,,,,,,,,,General_Search
the jackery 1500,CNY,50.0,0%,0%,高,74.0,,,,,,,,,,,,,,,,,,,,Brand_Specific
best solar generators 2022,CNY,50.0,0%,-100%,未知,,,,,,,,,,,,,,,,,,,,,General_Search
ecoflow pro power station,CNY,50.0,0%,0%,高,100.0,1.95,7.45,,,,,,,,,,,,,,,,,,Brand_Specific
ecoflow delta pro 3600w solar generator battery power station,CNY,50.0,0%,0%,中,50.0,,,,,,,,,,,,,,,,,,,,Brand_Specific
yeti 3000 solar generator,CNY,50.0,0%,0%,高,100.0,,,,,,,,,,,,,,,,,,,,General_Search
lion safari me portable generator,CNY,50.0,0%,0%,未知,,,,,,,,,,,,,,,,,,,,,General_Search
the best portable solar generator,CNY,50.0,0%,0%,高,100.0,2.97,9.23,,,,,,,,,,,,,,,,,,General_Search
waterproof solar generator,CNY,50.0,-90%,0%,高,100.0,2.98,14.39,,,,,,,,,,,,,,,,,,General_Search
renogy phoenix 300,CNY,50.0,0%,0%,高,89.0,,,,,,,,,,,,,,,,,,,,General_Search
solar camping power station,CNY,50.0,0%,0%,高,100.0,3.0,15.47,,,,,,,,,,,,,,,,,,Scenario_PainPoint
harbor freight jackery 1000,CNY,50.0,0%,0%,高,100.0,3.82,8.96,,,,,,,,,,,,,,,,,,Brand_Specific
jackery 1000 amazon,CNY,50.0,0%,0%,高,92.0,8.99,14.42,,,,,,,,,,,,,,,,,,Brand_Specific
jackery explorer 880 portable power station,CNY,50.0,0%,0%,高,72.0,,,,,,,,,,,,,,,,,,,,Brand_Specific
black friday solar generator,CNY,50.0,∞,∞,高,100.0,,,,,,,,,,,,,,,,,,,,General_Search
jackery 2000 watt,CNY,50.0,0%,0%,高,100.0,3.92,9.89,,,,,,,,,,,,,,,,,,Brand_Specific
1500 jackery,CNY,50.0,0%,0%,高,100.0,2.95,7.58,,,,,,,,,,,,,,,,,,Brand_Specific
yeti 500x solar generator,CNY,50.0,0%,∞,高,93.0,,,,,,,,,,,,,,,,,,,,General_Search
solar portable generator for camping,CNY,50.0,-90%,-90%,高,100.0,2.74,6.73,,,,,,,,,,,,,,,,,,Scenario_PainPoint
blue solar generator,CNY,50.0,0%,0%,高,100.0,3.18,6.04,,,,,,,,,,,,,,,,,,General_Search
bluetti solar generator eb3a,CNY,50.0,0%,0%,高,100.0,,,,,,,,,,,,,,,,,,,,Brand_Specific
jackery 1000 sale,CNY,50.0,0%,0%,高,100.0,3.63,9.58,,,,,,,,,,,,,,,,,,Brand_Specific
jackery solar 1000,CNY,50.0,0%,0%,高,100.0,4.87,7.96,,,,,,,,,,,,,,,,,,Brand_Specific
lithium solar generator,CNY,50.0,0%,0%,高,100.0,1.99,4.36,,,,,,,,,,,,,,,,,,General_Search
jackery explorer 1500 2 100w solarsaga panels,CNY,50.0,0%,0%,未知,,,,,,,,,,,,,,,,,,,,,Brand_Specific
best portable solar generator 2022,CNY,50.0,0%,0%,未知,,,,,,,,,,,,,,,,,,,,,General_Search
bluetti ac200p for sale,CNY,50.0,0%,0%,高,100.0,,,,,,,,,,,,,,,,,,,,Brand_Specific
jackery portable power station explorer 160,CNY,50.0,-90%,0%,高,75.0,,,,,,,,,,,,,,,,,,,,Brand_Specific
bluetti 2000w solar generator,CNY,50.0,0%,0%,高,100.0,2.59,8.09,,,,,,,,,,,,,,,,,,Brand_Specific
westinghouse solar generator,CNY,50.0,0%,0%,高,100.0,1.85,7.98,,,,,,,,,,,,,,,,,,General_Search
yeti 1500x generator,CNY,50.0,0%,0%,高,100.0,,,,,,,,,,,,,,,,,,,,General_Search
solar generator with 220v outlet,CNY,50.0,0%,0%,高,100.0,1.97,11.23,,,,,,,,,,,,,,,,,,General_Search
ecoflow river pro power station,CNY,50.0,0%,0%,高,100.0,0.94,3.42,,,,,,,,,,,,,,,,,,Brand_Specific
500wh power station,CNY,50.0,0%,900%,高,100.0,2.73,9.26,,,,,,,,,,,,,,,,,,Spec_Wattage
lifepo4 generator,CNY,50.0,0%,0%,高,100.0,1.9,8.25,,,,,,,,,,,,,,,,,,General_Search
powerful solar generator,CNY,50.0,0%,0%,高,100.0,3.78,43.13,,,,,,,,,,,,,,,,,,General_Search
120 240 volt solar generator,CNY,50.0,0%,0%,高,100.0,,,,,,,,,,,,,,,,,,,,General_Search
jackery 2000w,CNY,50.0,900%,900%,高,98.0,4.78,9.87,,,,,,,,,,,,,,,,,,Brand_Specific
yeti zero generator,CNY,50.0,0%,0%,高,97.0,0.73,2.38,,,,,,,,,,,,,,,,,,General_Search
solar generator portable power station,CNY,50.0,0%,-90%,高,100.0,3.25,13.61,,,,,,,,,,,,,,,,,,General_Search
expandable solar generator,CNY,50.0,0%,0%,高,100.0,3.48,13.34,,,,,,,,,,,,,,,,,,General_Search
bluetti ac200 solar generator,CNY,50.0,-100%,-100%,未知,,,,,,,,,,,,,,,,,,,,,Brand_Specific
solar generator cyber monday,CNY,50.0,0%,0%,未知,,,,,,,,,,,,,,,,,,,,,General_Search
allpowers solar generator,CNY,50.0,0%,-90%,高,100.0,1.6,6.9,,,,,,,,,,,,,,,,,,General_Search
best generator for off grid living,CNY,50.0,900%,900%,高,100.0,5.12,31.32,,,,,,,,,,,,,,,,,,Scenario_PainPoint
jackery pro 3000,CNY,50.0,0%,0%,高,100.0,2.82,21.78,,,,,,,,,,,,,,,,,,Brand_Specific
5000 watt battery generator,CNY,50.0,0%,0%,高,100.0,2.38,10.26,,,,,,,,,,,,,,,,,,Spec_Wattage
battery generator for refrigerator,CNY,50.0,0%,0%,高,100.0,2.49,6.9,,,,,,,,,,,,,,,,,,Scenario_PainPoint
energizer solar generator,CNY,50.0,0%,0%,高,100.0,2.0,20.3,,,,,,,,,,,,,,,,,,General_Search
patriot power generator 1500,CNY,50.0,0%,0%,高,100.0,2.98,18.6,,,,,,,,,,,,,,,,,,General_Search
vtoman solar generator,CNY,50.0,0%,-90%,高,100.0,1.69,9.77,,,,,,,,,,,,,,,,,,General_Search
mobile solar power station,CNY,50.0,0%,-90%,高,100.0,3.49,15.35,,,,,,,,,,,,,,,,,,General_Search
ecoflow tech delta pro power station,CNY,50.0,0%,-90%,高,100.0,2.21,42.81,,,,,,,,,,,,,,,,,,Brand_Specific
best solar generator for the money,CNY,50.0,0%,900%,高,100.0,3.17,15.9,,,,,,,,,,,,,,,,,,General_Search
indoor solar generator,CNY,50.0,0%,0%,高,100.0,1.73,6.37,,,,,,,,,,,,,,,,,,General_Search
ecoflow 1300 power station,CNY,50.0,0%,0%,高,89.0,,,,,,,,,,,,,,,,,,,,Brand_Specific
jackery solar system,CNY,50.0,0%,900%,高,100.0,2.82,25.02,,,,,,,,,,,,,,,,,,Brand_Specific
renogy phoenix,CNY,50.0,0%,0%,高,78.0,2.72,29.44,,,,,,,,,,,,,,,,,,General_Search
delta 1300 ecoflow,CNY,50.0,0%,0%,高,92.0,,,,,,,,,,,,,,,,,,,,Brand_Specific
best budget solar generator,CNY,50.0,0%,900%,高,100.0,3.26,6.84,,,,,,,,,,,,,,,,,,General_Search
best 1000 watt solar generator,CNY,50.0,0%,0%,高,100.0,2.3,12.37,,,,,,,,,,,,,,,,,,Spec_Wattage
portable power plant,CNY,50.0,0%,0%,高,98.0,2.96,10.06,,,,,,,,,,,,,,,,,,General_Search
solar generator ecoflow delta pro,CNY,50.0,0%,0%,高,98.0,2.89,62.65,,,,,,,,,,,,,,,,,,Brand_Specific
jackery power station sale,CNY,50.0,0%,0%,高,100.0,3.14,15.09,,,,,,,,,,,,,,,,,,Brand_Specific
solargenerators,CNY,50.0,-100%,-100%,未知,,,,,,,,,,,,,,,,,,,,,General_Search
largest jackery solar generator,CNY,50.0,0%,0%,高,100.0,3.19,13.7,,,,,,,,,,,,,,,,,,Brand_Specific
best jackery,CNY,50.0,0%,0%,高,100.0,3.24,13.19,,,,,,,,,,,,,,,,,,Brand_Specific
solar generator 4000w,CNY,50.0,0%,0%,高,100.0,,,,,,,,,,,,,,,,,,,,Spec_Wattage
yeti backup generator,CNY,50.0,0%,0%,高,100.0,,,,,,,,,,,,,,,,,,,,General_Search
delta max solar generator,CNY,50.0,0%,0%,高,100.0,,,,,,,,,,,,,,,,,,,,General_Search
2000wh portable power station,CNY,50.0,0%,900%,高,100.0,3.27,12.61,,,,,,,,,,,,,,,,,,Spec_Wattage
delta 2 solar generator,CNY,50.0,0%,0%,高,100.0,1.32,8.05,,,,,,,,,,,,,,,,,,General_Search
small solar generator for camping,CNY,50.0,900%,900%,高,100.0,2.68,6.14,,,,,,,,,,,,,,,,,,Scenario_PainPoint
yeti 3000x solar generator,CNY,50.0,0%,0%,高,100.0,,,,,,,,,,,,,,,,,,,,General_Search
best 500w portable power station,CNY,50.0,0%,0%,高,100.0,2.93,6.63,,,,,,,,,,,,,,,,,,Spec_Wattage
lithium iron phosphate solar generator,CNY,50.0,0%,0%,高,100.0,2.89,17.3,,,,,,,,,,,,,,,,,,General_Search
7500 watt solar generator,CNY,50.0,0%,0%,高,100.0,2.15,12.11,,,,,,,,,,,,,,,,,,Spec_Wattage
portable solar inverter,CNY,50.0,900%,900%,高,100.0,2.28,6.33,,,,,,,,,,,,,,,,,,General_Search
yeti goal zero generator,CNY,50.0,0%,0%,高,100.0,0.71,5.75,,,,,,,,,,,,,,,,,,Brand_Specific
500w generator,CNY,50.0,0%,-90%,高,100.0,2.15,4.9,,,,,,,,,,,,,,,,,,Spec_Wattage
300 watt solar generator,CNY,50.0,900%,0%,高,100.0,2.03,7.42,,,,,,,,,,,,,,,,,,Spec_Wattage
solar powered back up generator,CNY,50.0,0%,0%,高,100.0,3.36,30.2,,,,,,,,,,,,,,,,,,General_Search
best lifepo4 solar generator,CNY,50.0,0%,0%,高,100.0,,,,,,,,,,,,,,,,,,,,General_Search
bluetti 2000 watt,CNY,50.0,0%,0%,高,100.0,3.1,9.54,,,,,,,,,,,,,,,,,,Brand_Specific
pecron e3000 solar generator,CNY,50.0,0%,0%,高,100.0,,,,,,,,,,,,,,,,,,,,Brand_Specific
renogy phoenix 1000,CNY,50.0,0%,0%,高,100.0,,,,,,,,,,,,,,,,,,,,General_Search
solar generator lifepo4,CNY,50.0,0%,0%,高,100.0,3.67,11.12,,,,,,,,,,,,,,,,,,General_Search
rechargeable generator for camping,CNY,50.0,0%,-90%,高,100.0,2.72,6.22,,,,,,,,,,,,,,,,,,Scenario_PainPoint
best portable power generator,CNY,50.0,0%,0%,高,100.0,2.93,9.77,,,,,,,,,,,,,,,,,,General_Search
jackery 2000 watt solar generator,CNY,50.0,0%,0%,高,100.0,4.06,8.72,,,,,,,,,,,,,,,,,,Brand_Specific
oupes 1800w portable power station,CNY,50.0,0%,0%,高,100.0,2.14,8.05,,,,,,,,,,,,,,,,,,Spec_Wattage
montek solar generator,CNY,50.0,0%,0%,高,100.0,,,,,,,,,,,,,,,,,,,,General_Search
delta max portable power station,CNY,50.0,-100%,-100%,未知,,,,,,,,,,,,,,,,,,,,,General_Search
ecoflow delta max solar generator,CNY,50.0,0%,0%,高,98.0,,,,,,,,,,,,,,,,,,,,Brand_Specific
ups solar generator,CNY,50.0,0%,0%,高,96.0,2.41,27.33,,,,,,,,,,,,,,,,,,General_Search
portable power station 500wh,CNY,50.0,-90%,-90%,高,100.0,3.1,9.04,,,,,,,,,,,,,,,,,,Spec_Wattage
jackery 2000 power station,CNY,50.0,0%,0%,高,99.0,3.32,8.16,,,,,,,,,,,,,,,,,,Brand_Specific
goal 0 solar generator,CNY,50.0,∞,∞,高,100.0,,,,,,,,,,,,,,,,,,,,General_Search
ef ecoflow solar generator river pro,CNY,50.0,0%,0%,未知,,,,,,,,,,,,,,,,,,,,,Brand_Specific
2000 watt bluetti,CNY,50.0,0%,0%,高,100.0,3.42,10.61,,,,,,,,,,,,,,,,,,Brand_Specific
jackery 2000 price,CNY,50.0,0%,0%,高,100.0,2.48,5.75,,,,,,,,,,,,,,,,,,Brand_Specific
5kw portable power station,CNY,50.0,0%,0%,高,100.0,1.04,8.47,,,,,,,,,,,,,,,,,,General_Search
allpowers 288wh,CNY,50.0,-100%,-100%,未知,,,,,,,,,,,,,,,,,,,,,Spec_Wattage
solar panel with power station,CNY,50.0,0%,0%,高,100.0,3.02,13.67,,,,,,,,,,,,,,,,,,General_Search
jackery wind generator,CNY,50.0,0%,0%,高,98.0,1.88,7.93,,,,,,,,,,,,,,,,,,Brand_Specific
ecoflow river max power station,CNY,50.0,0%,0%,中,61.0,,,,,,,,,,,,,,,,,,,,Brand_Specific
best solar generator for home 2022,CNY,50.0,0%,0%,未知,,,,,,,,,,,,,,,,,,,,,Scenario_PainPoint
jackery explorer 1500 power station,CNY,50.0,0%,-90%,高,95.0,,,,,,,,,,,,,,,,,,,,Brand_Specific
jackery 1800w,CNY,50.0,0%,0%,高,100.0,2.52,6.37,,,,,,,,,,,,,,,,,,Brand_Specific
best portable solar generators 2022,CNY,50.0,0%,0%,未知,,,,,,,,,,,,,,,,,,,,,General_Search
solar portable generator for house,CNY,50.0,0%,0%,高,100.0,3.06,35.84,,,,,,,,,,,,,,,,,,General_Search
yeti solar power station,CNY,50.0,0%,0%,高,100.0,,,,,,,,,,,,,,,,,,,,General_Search
jackery solar generator explorer 240,CNY,50.0,0%,0%,高,95.0,2.11,6.13,,,,,,,,,,,,,,,,,,Brand_Specific
ctechi portable power station 320wh,CNY,50.0,0%,-100%,未知,,,,,,,,,,,,,,,,,,,,,Spec_Wattage
lightweight solar generator,CNY,50.0,0%,0%,高,100.0,2.17,24.4,,,,,,,,,,,,,,,,,,General_Search
jackery generator amazon,CNY,50.0,0%,0%,高,67.0,8.26,15.3,,,,,,,,,,,,,,,,,,Brand_Specific
lipower pa300,CNY,50.0,0%,-90%,高,89.0,,,,,,,,,,,,,,,,,,,,General_Search
solar indoor generator,CNY,50.0,0%,0%,高,100.0,2.98,6.9,,,,,,,,,,,,,,,,,,General_Search
200 watt portable power station,CNY,50.0,0%,0%,高,100.0,2.92,6.35,,,,,,,,,,,,,,,,,,Spec_Wattage
goal zero power generator,CNY,50.0,0%,0%,高,100.0,0.6,2.74,,,,,,,,,,,,,,,,,,Brand_Specific
bluetti jackery,CNY,50.0,0%,0%,高,100.0,,,,,,,,,,,,,,,,,,,,Brand_Specific
2000 watt battery powered generator,CNY,50.0,0%,0%,高,100.0,3.09,7.47,,,,,,,,,,,,,,,,,,Spec_Wattage
yeti 1000 solar generator,CNY,50.0,0%,0%,高,90.0,,,,,,,,,,,,,,,,,,,,General_Search
solar generator battery pack,CNY,50.0,0%,0%,高,100.0,1.61,6.91,,,,,,,,,,,,,,,,,,General_Search
jackery 300w portable power station,CNY,50.0,0%,0%,高,100.0,2.68,7.04,,,,,,,,,,,,,,,,,,Brand_Specific
jackery camping,CNY,50.0,0%,0%,高,100.0,3.79,14.64,,,,,,,,,,,,,,,,,,Scenario_PainPoint
rechargeable solar generator,CNY,50.0,0%,0%,高,100.0,2.17,8.12,,,,,,,,,,,,,,,,,,General_Search
solar generator with replaceable battery,CNY,50.0,0%,0%,高,100.0,,,,,,,,,,,,,,,,,,,,General_Search
ef ecoflow power station,CNY,50.0,0%,0%,高,100.0,2.17,16.66,,,,,,,,,,,,,,,,,,Brand_Specific
baldr portable power station 330w,CNY,50.0,0%,0%,高,91.0,,,,,,,,,,,,,,,,,,,,Spec_Wattage
rockpals portable power station 500w,CNY,50.0,0%,0%,高,74.0,,,,,,,,,,,,,,,,,,,,Spec_Wattage
renogy phoenix solar generator,CNY,50.0,0%,0%,高,77.0,,,,,,,,,,,,,,,,,,,,General_Search
solar panel generators for sale,CNY,50.0,0%,0%,高,100.0,2.82,41.14,,,,,,,,,,,,,,,,,,General_Search
allpowers generator,CNY,50.0,0%,0%,高,100.0,2.12,13.6,,,,,,,,,,,,,,,,,,General_Search
duracell generator solar panel,CNY,50.0,0%,0%,高,100.0,,,,,,,,,,,,,,,,,,,,General_Search
jackery 290w,CNY,50.0,-100%,-100%,未知,,,,,,,,,,,,,,,,,,,,,Brand_Specific
jackery solar 1500,CNY,50.0,0%,0%,中,42.0,2.84,9.84,,,,,,,,,,,,,,,,,,Brand_Specific
ecoflow river mobile power station,CNY,50.0,0%,0%,高,86.0,,,,,,,,,,,,,,,,,,,,Brand_Specific
eco worthy portable power station,CNY,50.0,0%,0%,高,100.0,6.38,11.2,,,,,,,,,,,,,,,,,,General_Search
allpowers s2000 pro solar generator,CNY,50.0,0%,0%,低,0.0,,,,,,,,,,,,,,,,,,,,General_Search
oupes 2400w lifepo4 power station,CNY,50.0,∞,0%,高,100.0,,,,,,,,,,,,,,,,,,,,Spec_Wattage
generator solar bluetti,CNY,50.0,∞,∞,高,100.0,,,,,,,,,,,,,,,,,,,,Brand_Specific
generac gb1000 portable power station 8025,CNY,50.0,900%,∞,高,74.0,,,,,,,,,,,,,,,,,,,,General_Search
jackery power outdoors 1000,CNY,50.0,0%,0%,高,100.0,,,,,,,,,,,,,,,,,,,,Brand_Specific
jackery explorer 500 solar portable generator,CNY,50.0,0%,0%,未知,,,,,,,,,,,,,,,,,,,,,Brand_Specific
bluetti power station ps70 720wh,CNY,50.0,∞,0%,高,100.0,,,,,,,,,,,,,,,,,,,,Brand_Specific
blue yeti battery generator,CNY,50.0,0%,0%,高,100.0,3.96,13.46,,,,,,,,,,,,,,,,,,General_Search
inverter 4500 watt,CNY,50.0,0%,0%,高,100.0,1.87,5.5,,,,,,,,,,,,,,,,,,Spec_Wattage
jackery air w price,CNY,50.0,-100%,-100%,未知,,,,,,,,,,,,,,,,,,,,,Brand_Specific
jackery used,CNY,50.0,0%,0%,高,100.0,0.98,6.64,,,,,,,,,,,,,,,,,,Brand_Specific
200 watt solar generator,CNY,50.0,0%,0%,高,100.0,1.21,4.68,,,,,,,,,,,,,,,,,,Spec_Wattage
portable solar generator price,CNY,50.0,0%,0%,高,100.0,,,,,,,,,,,,,,,,,,,,General_Search
anker portable solar generator,CNY,50.0,0%,0%,高,100.0,2.96,13.71,,,,,,,,,,,,,,,,,,Brand_Specific
jackery solar portable generator,CNY,50.0,0%,-90%,高,100.0,2.72,26.05,,,,,,,,,,,,,,,,,,Brand_Specific
portable solar generator bluetti,CNY,50.0,0%,0%,高,100.0,3.62,27.43,,,,,,,,,,,,,,,,,,Brand_Specific
allpowers powerstation 2000w,CNY,50.0,0%,-100%,未知,,,,,,,,,,,,,,,,,,,,,Spec_Wattage
5000 watt portable solar generator,CNY,50.0,0%,0%,高,100.0,1.96,69.81,,,,,,,,,,,,,,,,,,Spec_Wattage
bluetti 300w max,CNY,50.0,0%,0%,未知,,,,,,,,,,,,,,,,,,,,,Brand_Specific
buy solar powered generator,CNY,50.0,0%,0%,高,100.0,3.37,18.16,,,,,,,,,,,,,,,,,,General_Search
delta portable generator,CNY,50.0,∞,0%,高,80.0,,,,,,,,,,,,,,,,,,,,General_Search
generark solar,CNY,50.0,∞,0%,中,46.0,,,,,,,,,,,,,,,,,,,,General_Search
400w portable power station,CNY,50.0,0%,0%,高,100.0,3.33,7.98,,,,,,,,,,,,,,,,,,Spec_Wattage
lifep04 solar generator,CNY,50.0,∞,0%,高,100.0,,,,,,,,,,,,,,,,,,,,General_Search
best off grid power station,CNY,50.0,0%,0%,高,100.0,2.83,13.86,,,,,,,,,,,,,,,,,,Scenario_PainPoint
baldr solar generator,CNY,50.0,-100%,-100%,未知,,,,,,,,,,,,,,,,,,,,,General_Search
backpack solar generator,CNY,50.0,0%,0%,高,100.0,,,,,,,,,,,,,,,,,,,,General_Search
1000 solar generator,CNY,50.0,0%,0%,高,100.0,2.53,6.37,,,,,,,,,,,,,,,,,,General_Search
camping power station with solar panel,CNY,50.0,0%,0%,高,100.0,3.68,11.74,,,,,,,,,,,,,,,,,,Scenario_PainPoint
bluetti ac200p solar charging,CNY,50.0,0%,0%,中,45.0,,,,,,,,,,,,,,,,,,,,Brand_Specific
jackery 500 alternatives,CNY,50.0,0%,∞,高,100.0,,,,,,,,,,,,,,,,,,,,Brand_Specific
maxoak portable power station,CNY,50.0,0%,-100%,未知,,,,,,,,,,,,,,,,,,,,,General_Search
yobolife solar generator,CNY,50.0,0%,0%,高,75.0,,,,,,,,,,,,,,,,,,,,General_Search
montek x1000 solar generator,CNY,50.0,0%,0%,高,83.0,,,,,,,,,,,,,,,,,,,,General_Search
maxoak eb240,CNY,50.0,0%,0%,中,43.0,,,,,,,,,,,,,,,,,,,,General_Search
new jackery,CNY,50.0,0%,0%,高,94.0,4.09,10.56,,,,,,,,,,,,,,,,,,Brand_Specific
bluetti 3b3a,CNY,50.0,0%,0%,高,100.0,,,,,,,,,,,,,,,,,,,,Brand_Specific
lithium battery portable solar generator,CNY,50.0,0%,0%,高,100.0,,,,,,,,,,,,,,,,,,,,General_Search
powerstation camping solar,CNY,50.0,0%,0%,高,80.0,2.36,5.05,,,,,,,,,,,,,,,,,,Scenario_PainPoint
lipower solar generator,CNY,50.0,0%,0%,高,71.0,,,,,,,,,,,,,,,,,,,,General_Search
portable solar inverter generator,CNY,50.0,0%,0%,高,100.0,,,,,,,,,,,,,,,,,,,,General_Search
bluetti solar generator eb70s,CNY,50.0,-100%,-100%,未知,,,,,,,,,,,,,,,,,,,,,Brand_Specific
rockpals sp003 100w,CNY,50.0,0%,0%,中,57.0,,,,,,,,,,,,,,,,,,,,Spec_Wattage
solar energy generator portable,CNY,50.0,0%,0%,高,100.0,,,,,,,,,,,,,,,,,,,,General_Search
renogy phoenix 500,CNY,50.0,0%,0%,高,78.0,,,,,,,,,,,,,,,,,,,,General_Search
yeti 1500x solar generator,CNY,50.0,0%,0%,高,100.0,,,,,,,,,,,,,,,,,,,,General_Search
ecoflow delta power station 1300,CNY,50.0,-100%,-100%,未知,,,,,,,,,,,,,,,,,,,,,Brand_Specific
jackery 2000 home depot,CNY,50.0,0%,0%,高,100.0,4.02,16.27,,,,,,,,,,,,,,,,,,Scenario_PainPoint
solar generator outdoor,CNY,50.0,0%,0%,高,100.0,3.88,8.19,,,,,,,,,,,,,,,,,,General_Search
portable solar generator with solar panel,CNY,50.0,0%,0%,高,98.0,3.87,20.9,,,,,,,,,,,,,,,,,,General_Search
5500 watt solar generator,CNY,50.0,0%,0%,高,100.0,2.42,6.11,,,,,,,,,,,,,,,,,,Spec_Wattage
best solar powered battery generator,CNY,50.0,0%,0%,高,100.0,,,,,,,,,,,,,,,,,,,,General_Search
solar generator with battery,CNY,50.0,0%,0%,高,100.0,3.54,20.51,,,,,,,,,,,,,,,,,,General_Search
solar generator package,CNY,50.0,0%,0%,高,100.0,7.94,23.1,,,,,,,,,,,,,,,,,,General_Search
sevkumz portable power station,CNY,50.0,0%,0%,未知,,,,,,,,,,,,,,,,,,,,,General_Search
paxcess portable power station,CNY,50.0,0%,0%,高,100.0,2.07,3.04,,,,,,,,,,,,,,,,,,General_Search
yeti nomad solar generator,CNY,50.0,0%,0%,未知,,,,,,,,,,,,,,,,,,,,,General_Search
bullbat power station,CNY,50.0,0%,0%,高,100.0,,,,,,,,,,,,,,,,,,,,General_Search
solar panel generator portable,CNY,50.0,0%,0%,高,100.0,,,,,,,,,,,,,,,,,,,,General_Search
yeti home generator,CNY,50.0,0%,0%,高,100.0,,,,,,,,,,,,,,,,,,,,Scenario_PainPoint
portable power supply with solar panel,CNY,50.0,0%,0%,高,100.0,3.76,19.47,,,,,,,,,,,,,,,,,,General_Search
indoor solar powered generator,CNY,50.0,0%,0%,高,100.0,1.73,6.37,,,,,,,,,,,,,,,,,,General_Search
best 1000 watt power station,CNY,50.0,0%,0%,高,100.0,2.69,9.13,,,,,,,,,,,,,,,,,,Spec_Wattage
oupes 1200w portable power station,CNY,50.0,0%,0%,高,100.0,2.25,10.06,,,,,,,,,,,,,,,,,,Spec_Wattage
portable solar generator near me,CNY,50.0,0%,0%,高,100.0,1.78,15.09,,,,,,,,,,,,,,,,,,General_Search
portable lithium generator,CNY,50.0,0%,0%,中,53.0,2.85,6.38,,,,,,,,,,,,,,,,,,General_Search
jackery explorer 1500 amazon,CNY,50.0,0%,0%,高,95.0,,,,,,,,,,,,,,,,,,,,Brand_Specific
allpowers portable power station 300w,CNY,50.0,0%,0%,高,86.0,,,,,,,,,,,,,,,,,,,,Spec_Wattage
2000w lifepo4 ups solar generator,CNY,50.0,0%,-100%,未知,,,,,,,,,,,,,,,,,,,,,Spec_Wattage
inverter 2200 watt,CNY,50.0,0%,0%,高,100.0,,,,,,,,,,,,,,,,,,,,Spec_Wattage
blue yeti solar power generator,CNY,50.0,0%,0%,高,100.0,2.13,6.9,,,,,,,,,,,,,,,,,,General_Search
bluetti 1500wh solar generator,CNY,50.0,0%,0%,高,100.0,,,,,,,,,,,,,,,,,,,,Brand_Specific
energizer solar power generator,CNY,50.0,0%,0%,高,100.0,,,,,,,,,,,,,,,,,,,,General_Search
jackery 1500 watt,CNY,50.0,0%,0%,高,100.0,3.29,7.9,,,,,,,,,,,,,,,,,,Brand_Specific
jackery portable solar,CNY,50.0,0%,0%,高,89.0,2.68,20.52,,,,,,,,,,,,,,,,,,Brand_Specific
golabs power station,CNY,50.0,0%,0%,高,100.0,2.21,8.95,,,,,,,,,,,,,,,,,,General_Search
newest solar generator,CNY,50.0,0%,0%,高,100.0,4.05,12.82,,,,,,,,,,,,,,,,,,General_Search
rockpals 350w,CNY,50.0,-100%,-100%,未知,,,,,,,,,,,,,,,,,,,,,Spec_Wattage
bluetti eb3a 268wh 600w portable power station,CNY,50.0,0%,-100%,未知,,,,,,,,,,,,,,,,,,,,,Brand_Specific
jackery explorer 1000 for sale,CNY,50.0,0%,0%,高,100.0,,,,,,,,,,,,,,,,,,,,Brand_Specific
bluetti solar generator 2000 watt,CNY,50.0,0%,0%,高,100.0,,,,,,,,,,,,,,,,,,,,Brand_Specific
400 watt solar generator,CNY,50.0,0%,0%,高,100.0,1.35,6.57,,,,,,,,,,,,,,,,,,Spec_Wattage
best 300 watt power station,CNY,50.0,0%,0%,高,100.0,2.28,5.95,,,,,,,,,,,,,,,,,,Spec_Wattage
best battery generator for home backup,CNY,50.0,0%,900%,高,100.0,3.23,25.7,,,,,,,,,,,,,,,,,,Scenario_PainPoint
jackery 1500 generator,CNY,50.0,0%,0%,高,93.0,3.46,7.04,,,,,,,,,,,,,,,,,,Brand_Specific
bluetti 2400 solar generator,CNY,50.0,∞,0%,高,100.0,,,,,,,,,,,,,,,,,,,,Brand_Specific
goal zero battery generator,CNY,50.0,0%,0%,高,83.0,0.74,15.06,,,,,,,,,,,,,,,,,,Brand_Specific
solar battery bluetti,CNY,50.0,0%,0%,高,100.0,3.52,10.06,,,,,,,,,,,,,,,,,,Brand_Specific
solar generator solar panels,CNY,50.0,0%,0%,高,100.0,1.07,4.85,,,,,,,,,,,,,,,,,,General_Search
yeti 3000x home generator,CNY,50.0,0%,0%,未知,,,,,,,,,,,,,,,,,,,,,Scenario_PainPoint
best solar generator to run refrigerator,CNY,50.0,0%,0%,高,98.0,2.62,21.92,,,,,,,,,,,,,,,,,,Scenario_PainPoint
paxcess power station,CNY,50.0,0%,0%,高,100.0,1.09,5.2,,,,,,,,,,,,,,,,,,General_Search
yeti 400 power supply,CNY,50.0,0%,0%,高,67.0,,,,,,,,,,,,,,,,,,,,General_Search
top 10 portable solar generators,CNY,50.0,0%,∞,高,100.0,,,,,,,,,,,,,,,,,,,,General_Search
jackery power station explorer 500,CNY,50.0,0%,0%,高,100.0,,,,,,,,,,,,,,,,,,,,Brand_Specific
ecoflow 5000 watt,CNY,50.0,0%,0%,高,100.0,1.07,3.83,,,,,,,,,,,,,,,,,,Brand_Specific
bluetti solar generator for sale,CNY,50.0,-100%,-100%,未知,,,,,,,,,,,,,,,,,,,,,Brand_Specific
bluetti ac50s 500wh 300w portable power station,CNY,50.0,0%,0%,高,96.0,,,,,,,,,,,,,,,,,,,,Brand_Specific
the most powerful solar generator,CNY,50.0,0%,0%,高,100.0,3.13,8.47,,,,,,,,,,,,,,,,,,General_Search
120 volt solar generator,CNY,50.0,0%,0%,高,100.0,,,,,,,,,,,,,,,,,,,,General_Search
240v portable solar power generator,CNY,50.0,0%,0%,高,100.0,,,,,,,,,,,,,,,,,,,,General_Search
jackery portable solar power station,CNY,50.0,0%,0%,高,100.0,2.01,23.46,,,,,,,,,,,,,,,,,,Brand_Specific
jackery solar energy,CNY,50.0,0%,0%,高,100.0,2.86,20.29,,,,,,,,,,,,,,,,,,Brand_Specific
anker powerhouse 521 solar panel,CNY,50.0,∞,∞,高,75.0,,,,,,,,,,,,,,,,,,,,Brand_Specific
jackery power station alternative,CNY,50.0,0%,0%,高,100.0,3.04,8.81,,,,,,,,,,,,,,,,,,Brand_Specific
oupes portable power station 1100w,CNY,50.0,0%,-100%,未知,,,,,,,,,,,,,,,,,,,,,Spec_Wattage
solar generator battery backup,CNY,50.0,0%,0%,高,100.0,3.2,15.82,,,,,,,,,,,,,,,,,,General_Search
mini portable solar generator,CNY,50.0,0%,0%,高,100.0,,,,,,,,,,,,,,,,,,,,General_Search
new bluetti solar generator,CNY,50.0,0%,-100%,未知,,,,,,,,,,,,,,,,,,,,,Brand_Specific
jackery 1000 what can it power,CNY,50.0,0%,0%,中,34.0,,,,,,,,,,,,,,,,,,,,Brand_Specific
harbour freight jackery,CNY,50.0,0%,0%,高,100.0,,,,,,,,,,,,,,,,,,,,Brand_Specific
solar generator 500w,CNY,50.0,0%,0%,高,100.0,,,,,,,,,,,,,,,,,,,,Spec_Wattage
bluetti ac200p solar generator with panels,CNY,50.0,0%,0%,未知,,,,,,,,,,,,,,,,,,,,,Brand_Specific
jackery 880 solar generator,CNY,50.0,0%,0%,中,60.0,,,,,,,,,,,,,,,,,,,,Brand_Specific
bluetti generator solar,CNY,50.0,0%,0%,高,100.0,3.49,13.85,,,,,,,,,,,,,,,,,,Brand_Specific
generark homepower one backup battery power station,CNY,50.0,0%,0%,中,66.0,,,,,,,,,,,,,,,,,,,,Scenario_PainPoint
point zero titan generator,CNY,50.0,∞,0%,高,75.0,,,,,,,,,,,,,,,,,,,,General_Search
solar generator 220v portable,CNY,50.0,0%,0%,高,100.0,,,,,,,,,,,,,,,,,,,,General_Search
bluetti 2400wh solar generator price,CNY,50.0,0%,0%,高,100.0,,,,,,,,,,,,,,,,,,,,Brand_Specific
ecoflow delta pro 3600wh solar portable power station,CNY,50.0,-100%,-100%,未知,,,,,,,,,,,,,,,,,,,,,Brand_Specific
vdl portable power station,CNY,50.0,0%,0%,高,100.0,,,,,,,,,,,,,,,,,,,,General_Search
lion energy solar generators,CNY,50.0,0%,-90%,高,100.0,,,,,,,,,,,,,,,,,,,,General_Search
700 watt solar generator,CNY,50.0,0%,0%,高,100.0,1.51,8.68,,,,,,,,,,,,,,,,,,Spec_Wattage
lowes jackery portable power station,CNY,50.0,0%,0%,低,29.0,,,,,,,,,,,,,,,,,,,,Brand_Specific
jackery explorer 2000 amazon,CNY,50.0,0%,0%,高,71.0,,,,,,,,,,,,,,,,,,,,Brand_Specific
solar generator ups,CNY,50.0,0%,0%,高,100.0,5.3,52.68,,,,,,,,,,,,,,,,,,General_Search
jackery lithium iron phosphate,CNY,50.0,0%,0%,高,100.0,1.89,11.73,,,,,,,,,,,,,,,,,,Brand_Specific
portable solar generator for refrigerator,CNY,50.0,0%,0%,高,100.0,2.27,4.85,,,,,,,,,,,,,,,,,,Scenario_PainPoint
eco worthy solar generator,CNY,50.0,0%,0%,高,100.0,5.19,15.1,,,,,,,,,,,,,,,,,,General_Search
reliable solar generator,CNY,50.0,0%,0%,高,100.0,2.56,11.01,,,,,,,,,,,,,,,,,,General_Search
eco delta 1300,CNY,50.0,-100%,-100%,未知,,,,,,,,,,,,,,,,,,,,,General_Search
cn505 portable power station,CNY,50.0,∞,0%,高,100.0,,,,,,,,,,,,,,,,,,,,General_Search
generator ecoflow delta,CNY,50.0,0%,0%,中,50.0,,,,,,,,,,,,,,,,,,,,Brand_Specific
goal zero yeti 150 portable power station,CNY,50.0,900%,900%,高,72.0,,,,,,,,,,,,,,,,,,,,Brand_Specific
bluetti portable power station ps50,CNY,50.0,0%,0%,未知,,,,,,,,,,,,,,,,,,,,,Brand_Specific
solar generator lithium battery,CNY,50.0,0%,0%,高,82.0,,,,,,,,,,,,,,,,,,,,General_Search
duracell powersource 1440,CNY,50.0,0%,0%,中,61.0,,,,,,,,,,,,,,,,,,,,General_Search
maxoak bluetti portable power station,CNY,50.0,0%,0%,高,100.0,,,,,,,,,,,,,,,,,,,,Brand_Specific
ecoflow bluetti jackery,CNY,50.0,0%,0%,高,100.0,,,,,,,,,,,,,,,,,,,,Brand_Specific
bluetti ac200p portable power station 2000w 2000wh,CNY,50.0,0%,0%,高,100.0,,,,,,,,,,,,,,,,,,,,Brand_Specific
2000w portable solar generator,CNY,50.0,0%,0%,低,0.0,,,,,,,,,,,,,,,,,,,,Spec_Wattage
small solar panel generator,CNY,50.0,0%,0%,高,100.0,2.02,5.54,,,,,,,,,,,,,,,,,,General_Search
bluetti portable power station ac200p 2000w,CNY,50.0,0%,0%,未知,,,,,,,,,,,,,,,,,,,,,Brand_Specific
lithium phosphate solar generator,CNY,50.0,0%,-100%,未知,,,,,,,,,,,,,,,,,,,,,General_Search
river pro solar generator,CNY,50.0,∞,0%,高,100.0,,,,,,,,,,,,,,,,,,,,General_Search
allpowers s300 portable power station,CNY,50.0,0%,0%,中,62.0,,,,,,,,,,,,,,,,,,,,General_Search
eco worthy 84wh portable power station,CNY,50.0,0%,0%,低,29.0,,,,,,,,,,,,,,,,,,,,Spec_Wattage
ecoflow tech power station,CNY,50.0,∞,0%,高,100.0,,,,,,,,,,,,,,,,,,,,Brand_Specific
bluetti 2000 watt generator,CNY,50.0,0%,0%,高,100.0,,,,,,,,,,,,,,,,,,,,Brand_Specific
goal zero solar generator price,CNY,50.0,0%,-100%,未知,,,,,,,,,,,,,,,,,,,,,Brand_Specific
elecaenta portable power station,CNY,50.0,0%,0%,中,50.0,,,,,,,,,,,,,,,,,,,,General_Search
bluetti ac200p portable power station with solar panel,CNY,50.0,0%,-100%,未知,,,,,,,,,,,,,,,,,,,,,Brand_Specific
jackery 240 solar,CNY,50.0,-100%,-100%,未知,,,,,,,,,,,,,,,,,,,,,Brand_Specific
jackery explorer amazon,CNY,50.0,0%,0%,高,74.0,,,,,,,,,,,,,,,,,,,,Brand_Specific
yeti portable solar generator,CNY,50.0,0%,0%,高,100.0,,,,,,,,,,,,,,,,,,,,General_Search
lipower 300w portable power station,CNY,50.0,0%,0%,高,100.0,,,,,,,,,,,,,,,,,,,,Spec_Wattage
lifepo4 bluetti,CNY,50.0,∞,0%,高,100.0,,,,,,,,,,,,,,,,,,,,Brand_Specific
kyng solar generator,CNY,50.0,0%,0%,高,100.0,,,,,,,,,,,,,,,,,,,,General_Search
ecoflow mini generator,CNY,50.0,0%,0%,高,100.0,,,,,,,,,,,,,,,,,,,,Brand_Specific
jackery power station explorer 1000,CNY,50.0,0%,0%,高,100.0,3.0,5.7,,,,,,,,,,,,,,,,,,Brand_Specific
ecoflow delta pro rv,CNY,50.0,0%,0%,高,100.0,,,,,,,,,,,,,,,,,,,,Scenario_PainPoint
1000w battery generator,CNY,50.0,0%,0%,高,100.0,2.73,16.34,,,,,,,,,,,,,,,,,,Spec_Wattage
bluetti eb200p portable power station,CNY,50.0,∞,0%,高,100.0,,,,,,,,,,,,,,,,,,,,Brand_Specific
ffpower cn505,CNY,50.0,0%,0%,中,38.0,,,,,,,,,,,,,,,,,,,,General_Search
solar power generator bluetti,CNY,50.0,0%,0%,高,100.0,,,,,,,,,,,,,,,,,,,,Brand_Specific
bluetti eb70 solar charging,CNY,50.0,-100%,-100%,未知,,,,,,,,,,,,,,,,,,,,,Brand_Specific
solar generator 500,CNY,50.0,∞,∞,高,100.0,,,,,,,,,,,,,,,,,,,,General_Search
solar generator 1000 jackery,CNY,50.0,-100%,-100%,未知,,,,,,,,,,,,,,,,,,,,,Brand_Specific
allwei portable power station 300w,CNY,50.0,0%,0%,高,99.0,2.45,5.13,,,,,,,,,,,,,,,,,,Spec_Wattage
oupes portable power station 600w,CNY,50.0,0%,0%,高,100.0,,,,,,,,,,,,,,,,,,,,Spec_Wattage
milin portable power station,CNY,50.0,0%,0%,高,74.0,,,,,,,,,,,,,,,,,,,,General_Search
lowe's jackery,CNY,50.0,0%,0%,高,95.0,2.49,13.75,,,,,,,,,,,,,,,,,,Brand_Specific
best solar generator under 500,CNY,50.0,0%,0%,高,100.0,,,,,,,,,,,,,,,,,,,,General_Search
delta 1300 solar generator,CNY,50.0,0%,0%,未知,,,,,,,,,,,,,,,,,,,,,General_Search
solar battery generator portable,CNY,50.0,0%,0%,高,100.0,,,,,,,,,,,,,,,,,,,,General_Search
goal 0 generator,CNY,50.0,∞,0%,高,74.0,,,,,,,,,,,,,,,,,,,,General_Search
jackery brand,CNY,50.0,0%,0%,高,72.0,2.35,8.05,,,,,,,,,,,,,,,,,,Brand_Specific
jackery black friday deal,CNY,50.0,0%,0%,高,80.0,,,,,,,,,,,,,,,,,,,,Brand_Specific
apowking portable power station,CNY,50.0,0%,0%,高,100.0,1.85,4.89,,,,,,,,,,,,,,,,,,General_Search
best bluetti solar generator,CNY,50.0,0%,0%,高,100.0,2.81,10.05,,,,,,,,,,,,,,,,,,Brand_Specific
golabs r300 portable power station,CNY,50.0,0%,0%,高,88.0,,,,,,,,,,,,,,,,,,,,General_Search
patriot power generator solar,CNY,50.0,0%,0%,高,100.0,2.39,9.76,,,,,,,,,,,,,,,,,,General_Search
bluetti 1500wh lithium solar generator,CNY,50.0,0%,0%,未知,,,,,,,,,,,,,,,,,,,,,Brand_Specific
300wh portable power station,CNY,50.0,0%,900%,高,100.0,2.79,9.73,,,,,,,,,,,,,,,,,,Spec_Wattage
biggest portable solar generator,CNY,50.0,0%,0%,高,100.0,,,,,,,,,,,,,,,,,,,,General_Search
2000 watt solar generator amazon,CNY,50.0,0%,0%,高,100.0,2.44,14.07,,,,,,,,,,,,,,,,,,Spec_Wattage
bluetti ac200max 2200w solar generator,CNY,50.0,-100%,-100%,未知,,,,,,,,,,,,,,,,,,,,,Brand_Specific
ecoflow 1200 watt peak output river,CNY,50.0,0%,-100%,未知,,,,,,,,,,,,,,,,,,,,,Brand_Specific
goal zero solar generator yeti 150,CNY,50.0,0%,0%,未知,,,,,,,,,,,,,,,,,,,,,Brand_Specific
paxcess portable solar generator,CNY,50.0,0%,0%,高,92.0,,,,,,,,,,,,,,,,,,,,General_Search
prepper solar generator,CNY,50.0,0%,0%,高,100.0,1.96,24.41,,,,,,,,,,,,,,,,,,General_Search
lipower 1000w portable power station,CNY,50.0,∞,0%,高,99.0,,,,,,,,,,,,,,,,,,,,Spec_Wattage
best solar power station for camping,CNY,50.0,0%,0%,高,100.0,3.7,15.29,,,,,,,,,,,,,,,,,,Scenario_PainPoint
leoch 2000w solar generator,CNY,50.0,0%,0%,高,100.0,,,,,,,,,,,,,,,,,,,,Spec_Wattage
best portable power station solar,CNY,50.0,0%,0%,高,100.0,3.67,21.06,,,,,,,,,,,,,,,,,,General_Search
large portable battery generator,CNY,50.0,0%,0%,高,100.0,3.29,12.25,,,,,,,,,,,,,,,,,,General_Search
best most powerful solar generator,CNY,50.0,0%,0%,高,91.0,,,,,,,,,,,,,,,,,,,,General_Search
best 300 watt solar generator,CNY,50.0,0%,0%,高,100.0,2.22,10.3,,,,,,,,,,,,,,,,,,Spec_Wattage
power station ecoflow river pro,CNY,50.0,0%,∞,高,100.0,,,,,,,,,,,,,,,,,,,,Brand_Specific
jackery portable power station 2000,CNY,50.0,0%,0%,高,100.0,6.04,12.04,,,,,,,,,,,,,,,,,,Brand_Specific
jackery solar generator 880,CNY,50.0,0%,0%,中,59.0,,,,,,,,,,,,,,,,,,,,Brand_Specific
lithium ion solar generator,CNY,50.0,0%,0%,高,100.0,1.99,4.36,,,,,,,,,,,,,,,,,,General_Search
duracell powersource 1440w portable power station,CNY,50.0,0%,0%,高,95.0,,,,,,,,,,,,,,,,,,,,Spec_Wattage
flash fish battery,CNY,50.0,0%,0%,高,98.0,1.37,3.35,,,,,,,,,,,,,,,,,,General_Search
ecoflow river portable power station 288wh generator,CNY,50.0,0%,-100%,未知,,,,,,,,,,,,,,,,,,,,,Brand_Specific
best solar panels for portable power station,CNY,50.0,0%,0%,高,100.0,1.57,8.3,,,,,,,,,,,,,,,,,,General_Search
cheap jackery alternative,CNY,50.0,0%,0%,高,88.0,3.54,7.18,,,,,,,,,,,,,,,,,,Brand_Specific
jackery 1000 not charging,CNY,50.0,0%,0%,低,7.0,,,,,,,,,,,,,,,,,,,,Brand_Specific
eco flow pro generator,CNY,50.0,0%,0%,高,100.0,2.1,12.73,,,,,,,,,,,,,,,,,,General_Search
vtoman jump 1000 portable power station 1000w,CNY,50.0,0%,∞,高,100.0,,,,,,,,,,,,,,,,,,,,Spec_Wattage
solar power bank generator,CNY,50.0,0%,0%,高,100.0,2.52,11.73,,,,,,,,,,,,,,,,,,General_Search
portable power station 200w,CNY,50.0,0%,0%,高,100.0,3.97,9.8,,,,,,,,,,,,,,,,,,Spec_Wattage
eb240 power station,CNY,50.0,0%,0%,未知,,,,,,,,,,,,,,,,,,,,,General_Search
jackery portable power station 1500,CNY,50.0,0%,0%,高,100.0,2.63,6.37,,,,,,,,,,,,,,,,,,Brand_Specific
maxoak ac50s,CNY,50.0,∞,0%,低,0.0,,,,,,,,,,,,,,,,,,,,General_Search
jackery portable power station price,CNY,50.0,0%,0%,低,0.0,,,,,,,,,,,,,,,,,,,,Brand_Specific
harbor freight jackery 1500,CNY,50.0,0%,0%,高,100.0,,,,,,,,,,,,,,,,,,,,Brand_Specific
ef ecoflow portable power,CNY,50.0,0%,0%,高,86.0,,,,,,,,,,,,,,,,,,,,Brand_Specific
solar panel for anker powerhouse,CNY,50.0,0%,-100%,未知,,,,,,,,,,,,,,,,,,,,,Brand_Specific
allpowers solar power station,CNY,50.0,-100%,0%,未知,,,,,,,,,,,,,,,,,,,,,General_Search
yeti power inverter,CNY,50.0,0%,0%,高,100.0,,,,,,,,,,,,,,,,,,,,General_Search
400wh power station,CNY,50.0,0%,0%,高,99.0,,,,,,,,,,,,,,,,,,,,Spec_Wattage
bluetti ac50s 500wh portable power station,CNY,50.0,0%,0%,中,43.0,,,,,,,,,,,,,,,,,,,,Brand_Specific
jackery 293wh,CNY,50.0,0%,0%,高,93.0,,,,,,,,,,,,,,,,,,,,Brand_Specific
goal zero yeti 3000 x,CNY,50.0,0%,0%,高,100.0,,,,,,,,,,,,,,,,,,,,Brand_Specific
ecoflow delta 1000 portable power station 1008wh,CNY,50.0,∞,∞,高,100.0,,,,,,,,,,,,,,,,,,,,Brand_Specific
best backup solar generator,CNY,50.0,0%,0%,高,100.0,3.5,22.28,,,,,,,,,,,,,,,,,,General_Search
oupes 600w power station,CNY,50.0,0%,0%,高,89.0,,,,,,,,,,,,,,,,,,,,Spec_Wattage
ecoflow delta 1800w 1300wh portable solar generator,CNY,50.0,-100%,0%,未知,,,,,,,,,,,,,,,,,,,,,Brand_Specific
rockpals rockpower 500w portable power station,CNY,50.0,∞,∞,高,100.0,,,,,,,,,,,,,,,,,,,,Spec_Wattage
jackery battery and solar panels,CNY,50.0,0%,0%,高,100.0,2.57,7.45,,,,,,,,,,,,,,,,,,Brand_Specific
500wh solar generator,CNY,50.0,0%,0%,高,100.0,2.95,13.62,,,,,,,,,,,,,,,,,,Spec_Wattage
jackery explorer 290w and explorer 880w solar generator,CNY,50.0,0%,0%,未知,,,,,,,,,,,,,,,,,,,,,Brand_Specific
off grid portable power,CNY,50.0,-90%,0%,高,100.0,,,,,,,,,,,,,,,,,,,,Scenario_PainPoint
jackery wind power,CNY,50.0,0%,0%,高,100.0,,,,,,,,,,,,,,,,,,,,Brand_Specific
jackery 1800 watt battery & solar generator,CNY,50.0,∞,0%,高,100.0,,,,,,,,,,,,,,,,,,,,Brand_Specific
jackery 1500 harbor freight,CNY,50.0,∞,∞,高,100.0,,,,,,,,,,,,,,,,,,,,Brand_Specific
bluetti lithium portable power station,CNY,50.0,∞,0%,中,57.0,,,,,,,,,,,,,,,,,,,,Brand_Specific
okmo solar generator,CNY,50.0,0%,-100%,未知,,,,,,,,,,,,,,,,,,,,,General_Search
mini battery generator,CNY,50.0,0%,0%,高,100.0,2.3,5.52,,,,,,,,,,,,,,,,,,General_Search
kingboss portable power station,CNY,50.0,900%,900%,高,100.0,0.98,10.74,,,,,,,,,,,,,,,,,,General_Search
best portable solar power generator for camping,CNY,50.0,0%,0%,高,93.0,,,,,,,,,,,,,,,,,,,,Scenario_PainPoint
jackery 550 power station,CNY,50.0,0%,0%,高,83.0,2.29,7.04,,,,,,,,,,,,,,,,,,Brand_Specific
solar lithium generator,CNY,50.0,0%,0%,高,100.0,1.99,4.36,,,,,,,,,,,,,,,,,,General_Search
patriot power generator for sale,CNY,50.0,0%,0%,高,100.0,,,,,,,,,,,,,,,,,,,,General_Search
portable power station pure sine wave,CNY,50.0,0%,0%,高,100.0,3.38,13.37,,,,,,,,,,,,,,,,,,General_Search
best power bank generator,CNY,50.0,0%,0%,高,100.0,2.73,13.2,,,,,,,,,,,,,,,,,,General_Search
gooloo portable power station p600,CNY,50.0,∞,0%,低,0.0,,,,,,,,,,,,,,,,,,,,General_Search
ef ecoflow portable power station delta 1000,CNY,50.0,0%,0%,低,0.0,,,,,,,,,,,,,,,,,,,,Brand_Specific
jackery explorer 880w,CNY,50.0,0%,0%,未知,,,,,,,,,,,,,,,,,,,,,Brand_Specific
solar powered indoor generator,CNY,50.0,0%,0%,高,100.0,1.34,6.51,,,,,,,,,,,,,,,,,,General_Search
portable power with solar panel,CNY,50.0,0%,0%,高,100.0,3.22,5.95,,,,,,,,,,,,,,,,,,General_Search
3000 wh solar generator,CNY,50.0,0%,0%,高,100.0,3.46,16.39,,,,,,,,,,,,,,,,,,Spec_Wattage
wattfun power station,CNY,50.0,0%,0%,高,100.0,,,,,,,,,,,,,,,,,,,,General_Search
portable backup power station,CNY,50.0,0%,0%,高,98.0,,,,,,,,,,,,,,,,,,,,General_Search
3500 solar generator,CNY,50.0,0%,0%,高,100.0,2.79,11.71,,,,,,,,,,,,,,,,,,General_Search
portable generator solar panel,CNY,50.0,0%,0%,高,100.0,2.75,9.76,,,,,,,,,,,,,,,,,,General_Search
2000 watt portable solar generator,CNY,50.0,0%,0%,高,100.0,,,,,,,,,,,,,,,,,,,,Spec_Wattage
best solar camping generator,CNY,50.0,0%,0%,高,100.0,3.55,20.96,,,,,,,,,,,,,,,,,,Scenario_PainPoint
ecoflow delta 3600 watt hour portable solar generator,CNY,50.0,0%,∞,高,100.0,,,,,,,,,,,,,,,,,,,,Brand_Specific
ecoflow tech delta power station,CNY,50.0,0%,-100%,未知,,,,,,,,,,,,,,,,,,,,,Brand_Specific
harbor freight jackery power station,CNY,50.0,0%,0%,高,100.0,3.88,9.65,,,,,,,,,,,,,,,,,,Brand_Specific
best rv power station,CNY,50.0,0%,0%,高,100.0,2.9,13.71,,,,,,,,,,,,,,,,,,Scenario_PainPoint
jackery 1500 price,CNY,50.0,0%,0%,高,100.0,,,,,,,,,,,,,,,,,,,,Brand_Specific
powerstation 2200 watt,CNY,50.0,-100%,0%,未知,,,,,,,,,,,,,,,,,,,,,Spec_Wattage
solar generator 220v for home,CNY,50.0,0%,∞,高,100.0,,,,,,,,,,,,,,,,,,,,Scenario_PainPoint
jackery portable power station 1000,CNY,50.0,0%,0%,高,100.0,3.49,8.05,,,,,,,,,,,,,,,,,,Brand_Specific
lithium generator for home,CNY,50.0,0%,0%,高,100.0,2.37,17.6,,,,,,,,,,,,,,,,,,Scenario_PainPoint
anker power station solar panel,CNY,50.0,0%,0%,高,100.0,2.21,9.62,,,,,,,,,,,,,,,,,,Brand_Specific
grecell portable power station 2000w,CNY,50.0,0%,0%,高,100.0,,,,,,,,,,,,,,,,,,,,Spec_Wattage
jackery 1000 on sale,CNY,50.0,0%,0%,高,100.0,,,,,,,,,,,,,,,,,,,,Brand_Specific
solar mini generator for home,CNY,50.0,0%,0%,高,100.0,2.68,9.11,,,,,,,,,,,,,,,,,,Scenario_PainPoint
top rated solar powered generator,CNY,50.0,0%,0%,高,100.0,3.49,22.32,,,,,,,,,,,,,,,,,,General_Search
solar powered generator jackery,CNY,50.0,900%,900%,高,100.0,2.46,14.56,,,,,,,,,,,,,,,,,,Brand_Specific
goal zero yeti 400 solar generator,CNY,50.0,0%,0%,高,69.0,,,,,,,,,,,,,,,,,,,,Brand_Specific
jackery solar 500,CNY,50.0,0%,0%,高,100.0,2.77,6.11,,,,,,,,,,,,,,,,,,Brand_Specific
vtonce portable power station,CNY,50.0,0%,0%,高,90.0,,,,,,,,,,,,,,,,,,,,General_Search
allpowers monster x pro 2400w portable power station,CNY,50.0,∞,0%,高,100.0,,,,,,,,,,,,,,,,,,,,Spec_Wattage
rockpals 300w portable power station,CNY,50.0,0%,-90%,高,100.0,1.35,12.99,,,,,,,,,,,,,,,,,,Spec_Wattage
fast charging solar generator,CNY,50.0,0%,0%,高,100.0,2.48,14.89,,,,,,,,,,,,,,,,,,General_Search
ecoflow generator for sale,CNY,50.0,0%,0%,高,99.0,1.31,22.12,,,,,,,,,,,,,,,,,,Brand_Specific
amazon jackery 1500,CNY,50.0,0%,0%,高,100.0,6.57,10.54,,,,,,,,,,,,,,,,,,Brand_Specific
jackery solar power bank,CNY,50.0,0%,0%,高,100.0,2.26,8.26,,,,,,,,,,,,,,,,,,Brand_Specific
solar generator 2000,CNY,50.0,0%,0%,高,100.0,2.24,10.07,,,,,,,,,,,,,,,,,,General_Search
jackery 200w portable power station,CNY,50.0,0%,0%,高,100.0,2.59,7.41,,,,,,,,,,,,,,,,,,Brand_Specific
ef ecoflow solar generator delta 1260wh,CNY,50.0,-100%,-100%,未知,,,,,,,,,,,,,,,,,,,,,Brand_Specific
biggest jackery portable power station,CNY,50.0,0%,0%,高,100.0,2.01,6.69,,,,,,,,,,,,,,,,,,Brand_Specific
best 300w portable power station,CNY,50.0,0%,0%,高,100.0,2.41,9.5,,,,,,,,,,,,,,,,,,Spec_Wattage
rockpal solar generator,CNY,50.0,0%,0%,高,98.0,,,,,,,,,,,,,,,,,,,,General_Search
goalzero 1500,CNY,50.0,0%,0%,高,100.0,,,,,,,,,,,,,,,,,,,,General_Search
generac solar portable generator,CNY,50.0,0%,0%,高,100.0,,,,,,,,,,,,,,,,,,,,General_Search
ecoflow delta max power station 2016wh generator,CNY,50.0,0%,0%,高,100.0,,,,,,,,,,,,,,,,,,,,Brand_Specific
5000w power station,CNY,50.0,0%,0%,高,100.0,2.19,10.17,,,,,,,,,,,,,,,,,,Spec_Wattage
1000w battery power station,CNY,50.0,0%,0%,高,100.0,,,,,,,,,,,,,,,,,,,,Spec_Wattage
goal zero yeti 400 portable power station,CNY,50.0,0%,0%,高,88.0,0.19,2.97,,,,,,,,,,,,,,,,,,Brand_Specific
geneverse generator price,CNY,50.0,-100%,0%,未知,,,,,,,,,,,,,,,,,,,,,General_Search
power station and solar panel,CNY,50.0,0%,0%,高,100.0,3.4,12.67,,,,,,,,,,,,,,,,,,General_Search
amazon portable solar generator,CNY,50.0,0%,0%,高,100.0,1.01,6.16,,,,,,,,,,,,,,,,,,General_Search
300w solar generator,CNY,50.0,0%,0%,高,100.0,2.51,8.33,,,,,,,,,,,,,,,,,,Spec_Wattage
bibene power station,CNY,50.0,0%,0%,中,49.0,,,,,,,,,,,,,,,,,,,,General_Search
bluetti solar generator eb55,CNY,50.0,-100%,-100%,未知,,,,,,,,,,,,,,,,,,,,,Brand_Specific
bluetti expandable power station ac300,CNY,50.0,∞,∞,高,100.0,,,,,,,,,,,,,,,,,,,,Brand_Specific
flashfish 200w,CNY,50.0,0%,0%,高,100.0,,,,,,,,,,,,,,,,,,,,Spec_Wattage
anker 521 solar,CNY,50.0,0%,0%,高,96.0,,,,,,,,,,,,,,,,,,,,Brand_Specific
small solar generator for house,CNY,50.0,∞,0%,高,95.0,,,,,,,,,,,,,,,,,,,,General_Search
goal zero home generator,CNY,50.0,0%,0%,中,43.0,,,,,,,,,,,,,,,,,,,,Scenario_PainPoint
igen300s,CNY,50.0,0%,0%,高,77.0,,,,,,,,,,,,,,,,,,,,General_Search
solar powerstation bluetti,CNY,50.0,0%,∞,高,100.0,,,,,,,,,,,,,,,,,,,,Brand_Specific
mobile solar generator for sale,CNY,50.0,0%,0%,未知,,,,,,,,,,,,,,,,,,,,,General_Search
delta pro generator price,CNY,50.0,0%,∞,高,100.0,,,,,,,,,,,,,,,,,,,,General_Search
portable solar panel power station,CNY,50.0,0%,0%,高,90.0,,,,,,,,,,,,,,,,,,,,General_Search
flashfish solar generator,CNY,50.0,0%,0%,高,100.0,0.67,3.81,,,,,,,,,,,,,,,,,,General_Search
230v solar generator,CNY,50.0,0%,0%,高,100.0,,,,,,,,,,,,,,,,,,,,General_Search
powerstation 6000 watt,CNY,50.0,0%,0%,高,100.0,2.21,10.96,,,,,,,,,,,,,,,,,,Spec_Wattage
rockpals 500w 520wh portable power station,CNY,50.0,0%,∞,中,39.0,,,,,,,,,,,,,,,,,,,,Spec_Wattage
600w solar generator,CNY,50.0,0%,0%,高,100.0,2.3,9.0,,,,,,,,,,,,,,,,,,Spec_Wattage
best portable solar generator for rv,CNY,50.0,0%,0%,高,100.0,4.36,16.97,,,,,,,,,,,,,,,,,,Scenario_PainPoint
bougerv generator,CNY,50.0,0%,0%,高,100.0,2.07,8.52,,,,,,,,,,,,,,,,,,Scenario_PainPoint
jackery solar generator 1000 amazon,CNY,50.0,∞,0%,高,100.0,,,,,,,,,,,,,,,,,,,,Brand_Specific
15000 watt dual fuel portable generator,CNY,50.0,0%,0%,高,100.0,,,,,,,,,,,,,,,,,,,,Spec_Wattage
allpowers 300w portable power station,CNY,50.0,0%,0%,高,100.0,,,,,,,,,,,,,,,,,,,,Spec_Wattage
1500 watt jackery,CNY,50.0,0%,0%,高,99.0,2.99,6.71,,,,,,,,,,,,,,,,,,Brand_Specific
jackery 500w power station,CNY,50.0,0%,0%,高,100.0,2.08,4.97,,,,,,,,,,,,,,,,,,Brand_Specific
best survival solar generator,CNY,50.0,0%,∞,高,100.0,,,,,,,,,,,,,,,,,,,,Scenario_PainPoint
most powerful battery generator,CNY,50.0,0%,0%,高,100.0,3.56,14.59,,,,,,,,,,,,,,,,,,General_Search
2000 watt generator solar,CNY,50.0,0%,0%,高,100.0,2.17,6.47,,,,,,,,,,,,,,,,,,Spec_Wattage
portable electric battery generator,CNY,50.0,0%,0%,高,100.0,4.01,16.49,,,,,,,,,,,,,,,,,,General_Search
ffpower power station,CNY,50.0,0%,0%,高,100.0,,,,,,,,,,,,,,,,,,,,General_Search
lowe's solar generator,CNY,50.0,0%,0%,高,100.0,2.21,23.58,,,,,,,,,,,,,,,,,,General_Search
bluetti eb70 716wh lifepo4 power station,CNY,50.0,0%,0%,未知,,,,,,,,,,,,,,,,,,,,,Brand_Specific
5 best solar generators,CNY,50.0,0%,0%,高,93.0,,,,,,,,,,,,,,,,,,,,General_Search
1500 solar generator,CNY,50.0,0%,0%,高,100.0,3.14,10.49,,,,,,,,,,,,,,,,,,General_Search
delta max generator,CNY,50.0,0%,0%,中,54.0,,,,,,,,,,,,,,,,,,,,General_Search
ecoflow tech delta mobile power station,CNY,50.0,-100%,-100%,未知,,,,,,,,,,,,,,,,,,,,,Brand_Specific
portable power station 5000w,CNY,50.0,0%,0%,高,100.0,2.11,8.83,,,,,,,,,,,,,,,,,,Spec_Wattage
oneup portable power station by ecoflow,CNY,50.0,0%,0%,未知,,,,,,,,,,,,,,,,,,,,,Brand_Specific
delta ecoflow power station,CNY,50.0,0%,0%,高,81.0,1.98,3.8,,,,,,,,,,,,,,,,,,Brand_Specific
jackery solar generator for sale,CNY,50.0,0%,0%,高,100.0,2.27,33.42,,,,,,,,,,,,,,,,,,Brand_Specific
solar portable electric generator,CNY,50.0,0%,0%,高,100.0,,,,,,,,,,,,,,,,,,,,General_Search
1000 watt portable solar generator,CNY,50.0,0%,0%,高,100.0,,,,,,,,,,,,,,,,,,,,Spec_Wattage
220v battery generator,CNY,50.0,0%,0%,高,100.0,8.42,20.47,,,,,,,,,,,,,,,,,,General_Search
jackery 1800 watt,CNY,50.0,0%,0%,中,43.0,,,,,,,,,,,,,,,,,,,,Brand_Specific
jackery power system,CNY,50.0,0%,0%,高,100.0,2.68,27.17,,,,,,,,,,,,,,,,,,Brand_Specific
1000 watt battery generator,CNY,50.0,0%,0%,高,100.0,2.6,8.93,,,,,,,,,,,,,,,,,,Spec_Wattage
2000w jackery,CNY,50.0,0%,0%,高,99.0,4.83,8.05,,,,,,,,,,,,,,,,,,Brand_Specific
generark home power 2 power generator,CNY,50.0,0%,0%,未知,,,,,,,,,,,,,,,,,,,,,Scenario_PainPoint
jackery explorer power station,CNY,50.0,0%,900%,高,86.0,1.82,8.33,,,,,,,,,,,,,,,,,,Brand_Specific
rockpals 600w,CNY,50.0,-100%,-100%,未知,,,,,,,,,,,,,,,,,,,,,Spec_Wattage
best solar panels for solar generator,CNY,50.0,0%,0%,高,100.0,2.87,27.78,,,,,,,,,,,,,,,,,,General_Search
goal solar generator,CNY,50.0,0%,-100%,未知,,,,,,,,,,,,,,,,,,,,,General_Search
oupes 1800w solar powered generator,CNY,50.0,0%,-100%,未知,,,,,,,,,,,,,,,,,,,,,Spec_Wattage
jackery 1500 sale,CNY,50.0,0%,0%,高,100.0,,,,,,,,,,,,,,,,,,,,Brand_Specific
anker 757 solar,CNY,50.0,∞,0%,中,57.0,,,,,,,,,,,,,,,,,,,,Brand_Specific
used jackery 1500 for sale,CNY,50.0,0%,-100%,未知,,,,,,,,,,,,,,,,,,,,,Brand_Specific
allpowers 2400w,CNY,50.0,0%,∞,高,79.0,,,,,,,,,,,,,,,,,,,,Spec_Wattage
6500 watt solar generator,CNY,50.0,0%,0%,高,100.0,2.68,21.99,,,,,,,,,,,,,,,,,,Spec_Wattage
camper solar generator,CNY,50.0,0%,0%,高,100.0,2.71,7.0,,,,,,,,,,,,,,,,,,General_Search
bluetti 2000w price,CNY,50.0,0%,0%,高,100.0,,,,,,,,,,,,,,,,,,,,Brand_Specific
jackery with solar,CNY,50.0,0%,0%,高,100.0,2.77,15.52,,,,,,,,,,,,,,,,,,Brand_Specific
suaoki 400wh,CNY,50.0,∞,0%,中,40.0,,,,,,,,,,,,,,,,,,,,Spec_Wattage
jackery 2000 pro price,CNY,50.0,0%,0%,高,98.0,,,,,,,,,,,,,,,,,,,,Brand_Specific
jackery 1000 alternative,CNY,50.0,0%,0%,高,100.0,,,,,,,,,,,,,,,,,,,,Brand_Specific
baldr power station,CNY,50.0,0%,0%,高,100.0,1.73,10.06,,,,,,,,,,,,,,,,,,General_Search
bluetti electric generator,CNY,50.0,0%,0%,高,100.0,3.2,8.62,,,,,,,,,,,,,,,,,,Brand_Specific
solar generators at lowe's,CNY,50.0,0%,0%,高,100.0,1.24,13.44,,,,,,,,,,,,,,,,,,General_Search
solar generac portable generator,CNY,50.0,0%,0%,高,100.0,,,,,,,,,,,,,,,,,,,,General_Search
lithium power generator,CNY,50.0,900%,900%,高,93.0,2.27,17.71,,,,,,,,,,,,,,,,,,General_Search
baldr portable power station,CNY,50.0,0%,0%,高,100.0,1.94,6.95,,,,,,,,,,,,,,,,,,General_Search
jackery inverter generator,CNY,50.0,0%,0%,高,100.0,3.32,13.71,,,,,,,,,,,,,,,,,,Brand_Specific
yeti backup power,CNY,50.0,0%,0%,高,100.0,,,,,,,,,,,,,,,,,,,,General_Search
best rated solar generator for home,CNY,50.0,0%,0%,高,100.0,3.6,35.8,,,,,,,,,,,,,,,,,,Scenario_PainPoint
best jackery alternatives,CNY,50.0,0%,0%,高,100.0,3.54,14.51,,,,,,,,,,,,,,,,,,Brand_Specific
electric generator jackery,CNY,50.0,0%,0%,高,100.0,2.77,10.57,,,,,,,,,,,,,,,,,,Brand_Specific
okmo 2000w solar generator,CNY,50.0,-100%,-100%,未知,,,,,,,,,,,,,,,,,,,,,Spec_Wattage
jackery 880w,CNY,50.0,-100%,-100%,未知,,,,,,,,,,,,,,,,,,,,,Brand_Specific
allpowers s2000 pro solar generator 2400w,CNY,50.0,-100%,0%,未知,,,,,,,,,,,,,,,,,,,,,Spec_Wattage
ecoflow solar generator 3600,CNY,50.0,∞,∞,高,100.0,,,,,,,,,,,,,,,,,,,,Brand_Specific
ef ecoflow solar generator delta max,CNY,50.0,-100%,-100%,未知,,,,,,,,,,,,,,,,,,,,,Brand_Specific
jackery solar generator price,CNY,50.0,-90%,0%,高,100.0,2.78,7.04,,,,,,,,,,,,,,,,,,Brand_Specific
hobotech jackery,CNY,50.0,-100%,-100%,未知,,,,,,,,,,,,,,,,,,,,,Brand_Specific
goal zero yeti 200x generator,CNY,50.0,-100%,0%,未知,,,,,,,,,,,,,,,,,,,,,Brand_Specific
portable solar battery generator,CNY,50.0,0%,0%,高,97.0,2.9,13.42,,,,,,,,,,,,,,,,,,General_Search
power station with solar,CNY,50.0,0%,0%,高,100.0,3.02,10.6,,,,,,,,,,,,,,,,,,General_Search
most powerful home solar generator,CNY,50.0,0%,0%,高,100.0,,,,,,,,,,,,,,,,,,,,Scenario_PainPoint
patriot power generator sidekick,CNY,50.0,-90%,0%,低,21.0,,,,,,,,,,,,,,,,,,,,General_Search
jackery 2000 portable power station,CNY,50.0,0%,0%,高,100.0,5.63,10.06,,,,,,,,,,,,,,,,,,Brand_Specific
jackery generator near me,CNY,50.0,900%,900%,高,100.0,3.21,23.88,,,,,,,,,,,,,,,,,,Brand_Specific
best power station for rv,CNY,50.0,0%,0%,高,100.0,3.2,12.46,,,,,,,,,,,,,,,,,,Scenario_PainPoint
120v solar generator,CNY,50.0,0%,0%,高,100.0,1.67,20.22,,,,,,,,,,,,,,,,,,General_Search
bluetti power station ps70,CNY,50.0,∞,0%,高,100.0,,,,,,,,,,,,,,,,,,,,Brand_Specific
largest bluetti solar generator,CNY,50.0,0%,0%,高,100.0,,,,,,,,,,,,,,,,,,,,Brand_Specific
the jackery 500,CNY,50.0,0%,0%,中,33.0,,,,,,,,,,,,,,,,,,,,Brand_Specific
ecoflow mobile power station,CNY,50.0,0%,0%,高,90.0,1.71,13.31,,,,,,,,,,,,,,,,,,Brand_Specific
jackery bluetti ecoflow,CNY,50.0,0%,0%,高,100.0,2.44,9.31,,,,,,,,,,,,,,,,,,Brand_Specific
ff power solar generator,CNY,50.0,0%,0%,高,100.0,,,,,,,,,,,,,,,,,,,,General_Search
portable generator for cpap machine,CNY,50.0,0%,0%,高,100.0,2.11,6.32,,,,,,,,,,,,,,,,,,Scenario_PainPoint
camping powerstation solar,CNY,50.0,0%,0%,未知,,,,,,,,,,,,,,,,,,,,,Scenario_PainPoint
best 500 watt portable power station,CNY,50.0,0%,0%,高,100.0,2.85,6.71,,,,,,,,,,,,,,,,,,Spec_Wattage
jackery generator portable power station,CNY,50.0,-100%,0%,未知,,,,,,,,,,,,,,,,,,,,,Brand_Specific
awanfi portable power station,CNY,50.0,0%,0%,高,96.0,,,,,,,,,,,,,,,,,,,,General_Search
grecell 2000w,CNY,50.0,0%,0%,高,100.0,,,,,,,,,,,,,,,,,,,,Spec_Wattage
lithium ion phosphate solar generator,CNY,50.0,∞,∞,高,100.0,,,,,,,,,,,,,,,,,,,,General_Search
jackery 1800 watt generator,CNY,50.0,0%,0%,高,94.0,,,,,,,,,,,,,,,,,,,,Brand_Specific
yeti solar generator 3000,CNY,50.0,∞,0%,高,100.0,,,,,,,,,,,,,,,,,,,,General_Search
portable solar power inverter,CNY,50.0,0%,0%,高,100.0,,,,,,,,,,,,,,,,,,,,General_Search
jackery cost,CNY,50.0,0%,0%,高,100.0,2.65,6.87,,,,,,,,,,,,,,,,,,Brand_Specific
best power station with solar,CNY,50.0,0%,0%,高,100.0,4.59,30.3,,,,,,,,,,,,,,,,,,General_Search
yeti inverter generator,CNY,50.0,0%,0%,高,100.0,0.73,11.89,,,,,,,,,,,,,,,,,,General_Search
sun joe solar generator,CNY,50.0,0%,0%,高,100.0,,,,,,,,,,,,,,,,,,,,General_Search
bougerv 716wh portable power station,CNY,50.0,0%,0%,高,100.0,,,,,,,,,,,,,,,,,,,,Scenario_PainPoint
800 watt solar generator,CNY,50.0,0%,0%,高,100.0,1.72,6.18,,,,,,,,,,,,,,,,,,Spec_Wattage
aeiusny,CNY,50.0,0%,0%,高,76.0,,,,,,,,,,,,,,,,,,,,General_Search
bluetti maxoak 2400,CNY,50.0,0%,0%,高,100.0,,,,,,,,,,,,,,,,,,,,Brand_Specific
bluetti lithium battery,CNY,50.0,0%,0%,高,100.0,3.15,8.07,,,,,,,,,,,,,,,,,,Brand_Specific
soyond portable power station,CNY,50.0,0%,0%,高,100.0,,,,,,,,,,,,,,,,,,,,General_Search
1200w solar generator,CNY,50.0,0%,0%,高,100.0,1.74,8.05,,,,,,,,,,,,,,,,,,Spec_Wattage
eco worthy power station,CNY,50.0,0%,0%,高,100.0,4.78,11.66,,,,,,,,,,,,,,,,,,General_Search
allpowers portable power station 700w,CNY,50.0,0%,-100%,未知,,,,,,,,,,,,,,,,,,,,,Spec_Wattage
rockpals 1000w,CNY,50.0,0%,0%,未知,,,,,,,,,,,,,,,,,,,,,Spec_Wattage
yeti 150 battery,CNY,50.0,0%,0%,高,100.0,,,,,,,,,,,,,,,,,,,,General_Search
1000 watt solar power generator,CNY,50.0,0%,0%,高,98.0,3.45,9.89,,,,,,,,,,,,,,,,,,Spec_Wattage
duracell powersource gasless generator,CNY,50.0,∞,0%,高,67.0,,,,,,,,,,,,,,,,,,,,General_Search
bluetti eb240 solar generator,CNY,50.0,-100%,-100%,未知,,,,,,,,,,,,,,,,,,,,,Brand_Specific
portable solar backup generator,CNY,50.0,0%,0%,高,100.0,,,,,,,,,,,,,,,,,,,,General_Search
used bluetti for sale,CNY,50.0,0%,0%,高,100.0,0.99,4.36,,,,,,,,,,,,,,,,,,Brand_Specific
jackery portable power station explorer 240 solar generator,CNY,50.0,0%,-100%,未知,,,,,,,,,,,,,,,,,,,,,Brand_Specific
okmo g2000,CNY,50.0,∞,0%,高,100.0,,,,,,,,,,,,,,,,,,,,General_Search
portable solar generator power station,CNY,50.0,0%,0%,高,100.0,,,,,,,,,,,,,,,,,,,,General_Search
ecoflow delta 2 smart generator,CNY,50.0,0%,0%,高,97.0,,,,,,,,,,,,,,,,,,,,Brand_Specific
oupes portable power station 1200w,CNY,50.0,0%,0%,高,100.0,,,,,,,,,,,,,,,,,,,,Spec_Wattage
rockpals portable power station freeman 600w,CNY,50.0,0%,0%,高,100.0,,,,,,,,,,,,,,,,,,,,Spec_Wattage
diy portable solar generator,CNY,50.0,0%,0%,高,68.0,,,,,,,,,,,,,,,,,,,,General_Search
goal zero yeti 3000x generator,CNY,50.0,∞,0%,高,71.0,,,,,,,,,,,,,,,,,,,,Brand_Specific
jackery 1000 near me,CNY,50.0,0%,0%,高,100.0,4.54,14.72,,,,,,,,,,,,,,,,,,Brand_Specific
700w portable power station,CNY,50.0,0%,0%,高,100.0,3.34,9.79,,,,,,,,,,,,,,,,,,Spec_Wattage
jackery 880 amazon,CNY,50.0,0%,-100%,未知,,,,,,,,,,,,,,,,,,,,,Brand_Specific
top 10 best portable solar power generators,CNY,50.0,0%,0%,高,98.0,3.6,21.64,,,,,,,,,,,,,,,,,,General_Search
jackery 290 harbor freight,CNY,50.0,-100%,-100%,未知,,,,,,,,,,,,,,,,,,,,,Brand_Specific
oukitel power station 2000w,CNY,50.0,0%,-100%,未知,,,,,,,,,,,,,,,,,,,,,Spec_Wattage
vigorpool captain 1200 portable power station,CNY,50.0,∞,0%,高,79.0,,,,,,,,,,,,,,,,,,,,General_Search
jackery solar kits,CNY,50.0,0%,0%,高,100.0,2.45,11.88,,,,,,,,,,,,,,,,,,Brand_Specific
cyber monday solar generator,CNY,50.0,0%,0%,未知,,,,,,,,,,,,,,,,,,,,,General_Search
renogy phoenix elite,CNY,50.0,0%,0%,高,86.0,,,,,,,,,,,,,,,,,,,,General_Search
jackery portable power 1000,CNY,50.0,0%,∞,高,71.0,,,,,,,,,,,,,,,,,,,,Brand_Specific
best electric solar generator,CNY,50.0,0%,0%,高,100.0,3.55,23.94,,,,,,,,,,,,,,,,,,General_Search
solar portable power station for camping,CNY,50.0,0%,0%,高,100.0,2.3,3.61,,,,,,,,,,,,,,,,,,Scenario_PainPoint
bluetti portable solar generator,CNY,50.0,0%,0%,高,100.0,3.15,7.58,,,,,,,,,,,,,,,,,,Brand_Specific
best portable generator solar,CNY,50.0,0%,0%,高,100.0,2.67,7.58,,,,,,,,,,,,,,,,,,General_Search
top rated portable solar generator,CNY,50.0,0%,0%,高,100.0,3.47,16.31,,,,,,,,,,,,,,,,,,General_Search
largest jackery portable power station,CNY,50.0,0%,0%,高,100.0,3.28,14.13,,,,,,,,,,,,,,,,,,Brand_Specific
efdelta power station,CNY,50.0,-90%,0%,高,100.0,2.25,10.31,,,,,,,,,,,,,,,,,,General_Search
power generator solar portable,CNY,50.0,0%,0%,高,100.0,,,,,,,,,,,,,,,,,,,,General_Search
grecell 2000,CNY,50.0,∞,0%,高,100.0,,,,,,,,,,,,,,,,,,,,General_Search
ecoflow power station price,CNY,50.0,0%,0%,高,92.0,,,,,,,,,,,,,,,,,,,,Brand_Specific
jackery 1500 watt solar generator,CNY,50.0,0%,0%,高,100.0,2.04,10.33,,,,,,,,,,,,,,,,,,Brand_Specific
lowes jackery 1000,CNY,50.0,0%,0%,高,100.0,3.32,8.04,,,,,,,,,,,,,,,,,,Brand_Specific
maxoak solar generator,CNY,50.0,∞,0%,高,100.0,,,,,,,,,,,,,,,,,,,,General_Search
jackery power station price,CNY,50.0,0%,0%,高,100.0,2.69,5.63,,,,,,,,,,,,,,,,,,Brand_Specific
maxoak bluetti eb150,CNY,50.0,-100%,-100%,未知,,,,,,,,,,,,,,,,,,,,,Brand_Specific
best solar generator for overlanding,CNY,50.0,0%,0%,高,80.0,2.87,23.95,,,,,,,,,,,,,,,,,,General_Search
rocksolar power station,CNY,50.0,0%,0%,高,100.0,1.29,5.23,,,,,,,,,,,,,,,,,,General_Search
jackery solar generator explorer 500,CNY,50.0,0%,0%,高,100.0,2.2,4.45,,,,,,,,,,,,,,,,,,Brand_Specific
goal zero generator solar,CNY,50.0,0%,0%,未知,,,,,,,,,,,,,,,,,,,,,Brand_Specific
yeti solar power,CNY,50.0,0%,0%,高,100.0,0.68,12.97,,,,,,,,,,,,,,,,,,General_Search
most powerful jackery,CNY,50.0,0%,0%,高,100.0,2.18,5.8,,,,,,,,,,,,,,,,,,Brand_Specific
jackery solar 2000,CNY,50.0,0%,0%,高,100.0,5.03,18.89,,,,,,,,,,,,,,,,,,Brand_Specific
best lithium generator,CNY,50.0,0%,0%,高,86.0,3.01,19.12,,,,,,,,,,,,,,,,,,General_Search
5000w portable power station,CNY,50.0,0%,0%,高,100.0,3.44,9.98,,,,,,,,,,,,,,,,,,Spec_Wattage
ecoflow max solar generator,CNY,50.0,0%,0%,高,100.0,1.31,6.53,,,,,,,,,,,,,,,,,,Brand_Specific
9000 watt inverter,CNY,50.0,0%,0%,高,100.0,2.34,37.09,,,,,,,,,,,,,,,,,,Spec_Wattage
best portable battery generator for home,CNY,50.0,0%,0%,高,100.0,3.35,17.78,,,,,,,,,,,,,,,,,,Scenario_PainPoint
rocksolar rs81,CNY,50.0,0%,0%,高,80.0,2.48,6.18,,,,,,,,,,,,,,,,,,General_Search
solar power generator 2000w,CNY,50.0,0%,0%,高,100.0,2.13,14.82,,,,,,,,,,,,,,,,,,Spec_Wattage
rockpals 1300,CNY,50.0,0%,0%,高,93.0,,,,,,,,,,,,,,,,,,,,General_Search
allpowers 1500wh portable power station,CNY,50.0,0%,0%,高,71.0,,,,,,,,,,,,,,,,,,,,Spec_Wattage
dual fuel solar generator,CNY,50.0,0%,0%,高,100.0,3.05,37.92,,,,,,,,,,,,,,,,,,General_Search
jackery 500 price,CNY,50.0,0%,0%,高,100.0,1.67,4.36,,,,,,,,,,,,,,,,,,Brand_Specific
lifepo solar generator,CNY,50.0,0%,∞,高,100.0,,,,,,,,,,,,,,,,,,,,General_Search
100 watt solar generator,CNY,50.0,0%,0%,高,100.0,1.75,9.08,,,,,,,,,,,,,,,,,,Spec_Wattage
best small solar powered generator,CNY,50.0,0%,0%,高,100.0,,,,,,,,,,,,,,,,,,,,General_Search
jackery pure sine wave,CNY,50.0,0%,0%,高,100.0,4.02,22.83,,,,,,,,,,,,,,,,,,Brand_Specific
1500 watt battery generator,CNY,50.0,0%,0%,高,100.0,2.17,6.71,,,,,,,,,,,,,,,,,,Spec_Wattage
jackery solar generator explorer 1000,CNY,50.0,0%,0%,高,100.0,4.36,11.81,,,,,,,,,,,,,,,,,,Brand_Specific
jackery 1200,CNY,50.0,0%,0%,高,100.0,3.5,8.23,,,,,,,,,,,,,,,,,,Brand_Specific
efdelta generator,CNY,50.0,-100%,0%,未知,,,,,,,,,,,,,,,,,,,,,General_Search
bluetti generator price,CNY,50.0,0%,0%,高,100.0,1.88,5.57,,,,,,,,,,,,,,,,,,Brand_Specific
solar powered generator ecoflow,CNY,50.0,0%,0%,高,100.0,2.64,17.67,,,,,,,,,,,,,,,,,,Brand_Specific
solar battery jackery,CNY,50.0,0%,0%,高,100.0,2.68,11.61,,,,,,,,,,,,,,,,,,Brand_Specific
solar power station generator,CNY,50.0,0%,0%,高,100.0,3.15,15.33,,,,,,,,,,,,,,,,,,General_Search
power station ecoflow river,CNY,50.0,-100%,0%,未知,,,,,,,,,,,,,,,,,,,,,Brand_Specific
jackery 500 watt solar generator,CNY,50.0,0%,0%,高,100.0,1.68,9.11,,,,,,,,,,,,,,,,,,Brand_Specific
generark power station,CNY,50.0,0%,0%,高,97.0,5.49,16.23,,,,,,,,,,,,,,,,,,General_Search
generac solar generator portable,CNY,50.0,∞,0%,高,100.0,,,,,,,,,,,,,,,,,,,,General_Search
rockpals 2000w generator,CNY,50.0,0%,0%,高,100.0,,,,,,,,,,,,,,,,,,,,Spec_Wattage
yeti portable generator,CNY,50.0,0%,0%,高,100.0,,,,,,,,,,,,,,,,,,,,General_Search
solar panels for portable generators,CNY,50.0,0%,0%,高,100.0,1.59,10.29,,,,,,,,,,,,,,,,,,General_Search
silent solar generator,CNY,50.0,0%,0%,高,100.0,4.07,13.1,,,,,,,,,,,,,,,,,,General_Search
big blue solar generator,CNY,50.0,0%,0%,高,100.0,,,,,,,,,,,,,,,,,,,,General_Search
oupes 600w portable power station,CNY,50.0,0%,0%,高,84.0,,,,,,,,,,,,,,,,,,,,Spec_Wattage
generator portable power station,CNY,50.0,0%,-90%,高,100.0,2.54,7.64,,,,,,,,,,,,,,,,,,General_Search
rockpals freeman 600w,CNY,50.0,0%,0%,低,4.0,,,,,,,,,,,,,,,,,,,,Spec_Wattage
small solar power generator for home,CNY,50.0,0%,0%,高,100.0,2.18,9.56,,,,,,,,,,,,,,,,,,Scenario_PainPoint
solar generator for van,CNY,50.0,0%,0%,高,100.0,3.05,8.55,,,,,,,,,,,,,,,,,,General_Search
jackery solar generator 290,CNY,50.0,0%,0%,高,100.0,,,,,,,,,,,,,,,,,,,,Brand_Specific
powerstation solar camping,CNY,50.0,0%,0%,高,100.0,,,,,,,,,,,,,,,,,,,,Scenario_PainPoint
geneverse generator cost,CNY,50.0,0%,0%,未知,,,,,,,,,,,,,,,,,,,,,General_Search
solar portable generators for sale,CNY,50.0,0%,0%,高,100.0,4.45,31.33,,,,,,,,,,,,,,,,,,General_Search
bougerv portable power station 1200w,CNY,50.0,0%,0%,未知,,,,,,,,,,,,,,,,,,,,,Scenario_PainPoint
bluetti 537wh portable power station,CNY,50.0,0%,0%,高,100.0,,,,,,,,,,,,,,,,,,,,Brand_Specific
jackery solar generators for sale,CNY,50.0,0%,0%,高,100.0,2.27,33.42,,,,,,,,,,,,,,,,,,Brand_Specific
best bluetti,CNY,50.0,0%,0%,高,100.0,2.96,24.43,,,,,,,,,,,,,,,,,,Brand_Specific
outdoor solar power station,CNY,50.0,0%,0%,高,100.0,2.75,9.03,,,,,,,,,,,,,,,,,,General_Search
solar powered portable generators for sale,CNY,50.0,0%,0%,高,100.0,,,,,,,,,,,,,,,,,,,,General_Search
amazon blue yeti solar generator,CNY,50.0,0%,-100%,未知,,,,,,,,,,,,,,,,,,,,,General_Search
zero yeti generator,CNY,50.0,-100%,0%,未知,,,,,,,,,,,,,,,,,,,,,General_Search
oupes 1200 watt solar generator,CNY,50.0,0%,0%,未知,,,,,,,,,,,,,,,,,,,,,Spec_Wattage
portable solar generator 2000 watt,CNY,50.0,0%,0%,高,100.0,,,,,,,,,,,,,,,,,,,,Spec_Wattage
cpap generator for camping,CNY,50.0,0%,0%,高,100.0,2.06,7.7,,,,,,,,,,,,,,,,,,Scenario_PainPoint
jackery portable power station amazon,CNY,50.0,0%,0%,中,50.0,7.58,14.42,,,,,,,,,,,,,,,,,,Brand_Specific
jackery for rv,CNY,50.0,0%,0%,高,100.0,3.61,14.66,,,,,,,,,,,,,,,,,,Scenario_PainPoint
rockpals 300,CNY,50.0,0%,0%,高,93.0,,,,,,,,,,,,,,,,,,,,General_Search
portable power station with solar panel included,CNY,50.0,0%,0%,高,100.0,,,,,,,,,,,,,,,,,,,,General_Search
ecoflow delta portable power station 1260wh generator,CNY,50.0,0%,0%,中,50.0,,,,,,,,,,,,,,,,,,,,Brand_Specific
jackery sg880,CNY,50.0,0%,-100%,未知,,,,,,,,,,,,,,,,,,,,,Brand_Specific
solar charging power station,CNY,50.0,0%,0%,高,100.0,2.88,9.39,,,,,,,,,,,,,,,,,,General_Search
300 watt jackery,CNY,50.0,0%,0%,高,100.0,2.41,6.86,,,,,,,,,,,,,,,,,,Brand_Specific
small solar generators for sale,CNY,50.0,0%,0%,高,100.0,1.65,3.34,,,,,,,,,,,,,,,,,,General_Search
safari lt solar generator,CNY,50.0,-100%,-100%,未知,,,,,,,,,,,,,,,,,,,,,General_Search
portable solar generator amazon,CNY,50.0,0%,0%,高,100.0,1.01,6.16,,,,,,,,,,,,,,,,,,General_Search
portable generator for cpap,CNY,50.0,0%,0%,高,100.0,1.75,4.48,,,,,,,,,,,,,,,,,,Scenario_PainPoint
grecell solar generator,CNY,50.0,0%,0%,高,100.0,1.14,10.4,,,,,,,,,,,,,,,,,,General_Search
allpowers 700w portable power station,CNY,50.0,0%,0%,未知,,,,,,,,,,,,,,,,,,,,,Spec_Wattage
jackery solar generator 550,CNY,50.0,0%,0%,高,100.0,,,,,,,,,,,,,,,,,,,,Brand_Specific
2200 watt solar generator,CNY,50.0,0%,0%,高,100.0,1.83,10.84,,,,,,,,,,,,,,,,,,Spec_Wattage
300w generator,CNY,50.0,0%,0%,高,100.0,1.34,6.19,,,,,,,,,,,,,,,,,,Spec_Wattage
mango power solar generator,CNY,50.0,0%,0%,高,100.0,3.76,41.49,,,,,,,,,,,,,,,,,,General_Search
home solar generators for sale,CNY,50.0,0%,0%,高,100.0,2.07,21.92,,,,,,,,,,,,,,,,,,Scenario_PainPoint
bluetti off grid,CNY,50.0,0%,0%,高,100.0,,,,,,,,,,,,,,,,,,,,Scenario_PainPoint
jackery solar gen,CNY,50.0,0%,0%,高,100.0,3.44,14.82,,,,,,,,,,,,,,,,,,Brand_Specific
zero breeze solar generator,CNY,50.0,0%,∞,高,100.0,,,,,,,,,,,,,,,,,,,,General_Search
